shelfmark,aggregate_score,signal_count,signals,non_bibliographic_hits,detail_url,viewer_url,best_snippet,content_entries,bibliography_entries,description_gap_score,saturation_penalty,low_quality,catalog_description,bibliography_preview,adjusted_signal_score,review_status,impact_ceiling,research_question,reject_reason
Urb.lat.1618,32.0,3,Dante autografo; Erasmo autografo; Petrarca autografo,3,https://digi.vatlib.it/mss/detail/Urb.lat.1618,https://digi.vatlib.it/view/MSS_Urb.lat.1618,"1) 172r-174r: Gaudenzi, Paganino, 1595-1649 Alcuni passi del Petrarca considerati.",71,3,1,0,0,"1) 1r-359r: Gaudenzi, Paganino, 1595-1649 Farrago soluta oratione ac versibus; aliorum carmina nonnulla et epistolae. 2) 19r-22v: Gaudenzi, Paganino, 1595-1649 In II Regum, cap. 14, vv. 1-30 glossae. 3) 28r-29v, 129r, 131r, 159r-161v, 298r-299r: Gaudenzi, Paganino, 1595-1649 Scritti ed esercitazioni varie sulle fatiche di Ercole. 4) 34r: Gaudenzi, Paganino, 1595-1649 De carminibus Urbani PP. VIII. 5) 41r-42v, 45r, 170r-171v: Gaudenzi, Paganino, 1595-1649 Poesie, osservazioni e dissertazioni varie su Dante Alighieri; riduzione a versi sciolti di alcuni canti dell'Inferno e del Paradiso della Divina Commedia. 6) 45r-46v: Gaudenzi, Paganino, 1595-1649 Italiae nova gaudia sive acclamatio serenissimo Cardinali infanti hispaniae 7) 47r: Gaudenzi, Paganino, 1595-1649 Ad Fabium Chigium Ferrariae prolegatum 8) 48r: Gaudenzi, Paganino, 1595-1649 De obsessa Rinsperga [Rheinsberg] carmen ad Petrum Petri. 9) 49r: Gaudenzi, Paganino, 1595-1649 Poesia a Sforza Pallavicino, poi card. 10) 50r: Gaudenzi, Paganino, 1595-1649 Trattati e questioni varie su alcuni episodi della guerra dei Trent'anni. 11) 51r: Gaudenzi, Paganino, 1595-1649 De obsessa Hammelia [Hameln] 12) 51v: Gaudenzi, Paganino, 1595-1649 De obsedione Brisaci 13) 52r-53r: Gaudenzi, Paganino, 1595-1649 Ad Franciscum Rosserminum in obitu Gasparis Salviani viri optimi 14) 55r-56r: Gaudenzi, Paganino, 1595-1649 Ode ad accademicos Disiunctos cum dissiderent in laudandis vino et aqua 15) 58r: Gaudenzi, Paganino, 1595-1649 Epicedium memoriae praestantissima foeminae Laurae Pappagalliae dicatum. 16) 59r-60r, 109r-110r: Gaudenzi, Paganino, 1595-1649 17) 65r, 72r: Gaudenzi, Paganino, 1595-1649 Poesie al card. Carlo de' Medici. 18) 66r: Gaudenzi, Paganino, 1595-1649 Epigramma a Gualterotti. 19) 67r: Gaudenzi, Paganino, 1595-1649 Poesie ed epigrammi vari dedicati alla famiglia de' Medici. 20) 75r: Gaudenzi, Paganino, 1595-1649 Fragmentum de origine verbi ""Pirenei"". 21) 76r-77r: Gaudenzi, Paganino, 1595-1649 De obitu Pauli Bombini elegia ad clarissimum virum Gasparem Scioppium Claravallis Comitem. 22) 79r-80r: Gaudenzi, Paganino, 1595-1649 Illustrissimo et excellentissimo viro Alcaliae duci catholici regis oratori [Fernando Afán de Ribera y Enríquez?] cum ingredetur Pisas 23) 81r: Gaudenzi, Paganino, 1595-1649 In obitu Baldasaris Francolini 24) 82r, 212r-213v: Gaudenzi, Paganino, 1595-1649 Questioni varie sulla lingua spagnola. 25) 82r-83r, 123r: Gaudenzi, Paganino, 1595-1649 Poesie latine ed italiane a Gherardo Saraceni. 26) 87r, 99r: Gaudenzi, Paganino, 1595-1649 Poesie varie a Leopoldo de' Medici. 27) 97v-102r, 115r-117r, 126r, 141r, 156r, 215r-216r, 233r, 237r, 246r, 248r, 251r-252v: Gaudenzi, Paganino, 1595-1649 Poesie varie dedicate alla stessa donna, chiamata ora ""Lilla"", ora ""S.D., ora ""B.D."". 28) 99r: Gaudenzi, Paganino, 1595-1649 Poesie varie al card. Giancarlo de' Medici. 29) 99r-100r: Gaudenzi, Paganino, 1595-1649 Poesia ad A. P. 30) 100v-101v: Gaudenzi, Paganino, 1595-1649 Poesia a F. B. 31) 106v-107v: Gaudenzi, Paganino, 1595-1649 Poesie ad una donna chiamata Maria. 32) 107v-109r: Gaudenzi, Paganino, 1595-1649 Poesia a D. 33) 110r: Gaudenzi, Paganino, 1595-1649 Al sig. governatore di Pisa, marchese di S. Angelo. 34) 112r-113r: Gaudenzi, Paganino, 1595-1649 Poesie alla sig. Cinzia Lenzoni nata Guallanda. 35) 113r-114r: Gaudenzi, Paganino, 1595-1649 Poesie varie ad un giovane chiamato Filireno. 36) 114v-115r: Gaudenzi, Paganino, 1595-1649 [Canzonetta] in lode de la signora Alessandra Pandolfina. 37) 118r-119r: Gaudenzi, Paganino, 1595-1649 Poesia a Filena. 38) 121r-122r: Gaudenzi, Paganino, 1595-1649 Canzonetta a L. 39) 124v: Gaudenzi, Paganino, 1595-1649 Poesia alla sig.ra Paulina, cantante. 40) 125r: Gaudenzi, Paganino, 1595-1649 Poesie varie al principe Francesco de' Medici. 41) 127r-128: Gaudenzi, Paganino, 1595-1649 De rebus Corinthiorum exercitatio 42) 136v-137r: 43) 137r-138r: Sonetti (2) anonimi, in morte di Giovanni Ambrogio Barenghi. 44) 142r-143v: Gaudenzi, Paganino, 1595","Bibliographic References: 71) Benzoni, G. La fortuna, la vita, l'opera di Enrico Caterino Davila, In Studi veneziani 1974 72) Vian, Paolo, 1957- «Una cambiale scontata prima di presentarsi ufficialmente allo sportello»? Achille Ratti prefetto della biblioteca vaticana (1914-1918), In Miscellanea Bibliothecae Apostolicae Vaticanae XVIII, 2011. 73) Fortuzzi, Cinzia I manoscritti cremoniani della Biblioteca Apostolica Vaticana, In Cesare Cremonini. Aspetti del pensiero e scritti (Atti del Convegno di Studio, Padova 26-27 febbr. 1999), 2000 74) Ilari, Annibale, sac., 1921-2016 A proposito del canto XXII del Paradiso: la cultura monastica di Dante ed il protocenobio sublacense, In Sacro Speco 1983",33.5,unreviewed,,,
Chig.L.V.176,32.5,3,Dante autografo; Petrarca autografo; testo mutilo,3,https://digi.vatlib.it/mss/detail/Chig.L.V.176,https://digi.vatlib.it/view/MSS_Chig.L.V.176,1) Miscellanea di testi dante schi e petrarcheschi: il canone autografo di Giovanni Boccaccio. sec. XIV med.,8,122,2,5,0,"1) Miscellanea di testi danteschi e petrarcheschi: il canone autografo di Giovanni Boccaccio. sec. XIV med. 2) 1r-13r: Boccaccio, Giovanni, 1313-1375 Vita di Dante. 3) 13r-28v: Dante Alighieri, 1265-1321 Vita nova (Dante Alighieri, 1265-1321) 4) 29r-32v: Cavalcanti, Guido, 1250-1300 Donna me prega (Cavalcanti, Guido, 1250-1300) 5) 34r: Boccaccio, Giovanni, 1313-1375 Ytalie iam certus honos. 6) 34v-43r: Dante Alighieri, 1265-1321 Rime (Dante Alighieri, 1265-1321) 7) 43v-79r: Petrarca, Francesco, 1304-1374 Rerum vulgarium fragmenta (Petrarca, Francesco, 1304-1374)","Bibliographic References: 8) Blason Berton, Mirella Intorno a un nuovo codice del «Canzoniere», In Bollettino del Museo Civico di Padova 1971 9) Ianni, Evi Elenco dei manoscritti autografi di Giovanni Boccaccio, In Modern Language Notes 10) Auzzas, Ginetta I codici autografi, In Studi sul Boccaccio 11) Basile, Bruno, 1944- In margine a un Centenario. Rassegna petrarchesca (1974-1975), In Lettere italiane 1975 12) Pellegrin, Elisabeth, 1912-1993 Manuscrits de Pétrarque à la Bibliothèque Vaticane. Supplément au catalogue de Vattasso, In Italia medioevale e umanistica 1975 13) Cavedon, Annarosa La tradizione «veneta» delle rime estravaganti del Petrarca, In Studi petrarcheschi 1976 14) Antonelli, Roberto, 1942- Italianistica, In La Biblioteca Apostolica Vaticana luogo di ricerca al servizio degli studi. Atti del Convegno Roma, 11-13 novembre 2010, a cura di M.Buonocore - A.M.Piazzoni (Studi e testi, 468), 2011 15) Fiorilla, Maurizio Giovanni Boccaccio (Certaldo [?] 1313-1375), In Autografi dei letterati italiani. Le origini e il Trecento, I, a cura di G. Brunetti - M. Fiorilla - M. Petoletti, 2013 16) Cursi, Marco, 1966- Giovanni Boccaccio (Certaldo [?] 1313-1375), In Autografi dei letterati italiani. Le origini e il Trecento, I, a cura di G. Brunetti - M. Fiorilla - M. Petoletti, 2013 17) Bianchi, Maria Grazia Jacopo Corbinelli (Firenze 1535 - Parigi 1590 ca.), In Autografi dei letterati italiani. Il Cinquecento, I, a cura di M.Motolese - P.Procaccioli - E.Russo, 2009 18) Bosch",25.5,unreviewed,,,
Arch.Cap.S.Pietro.I.14,9.5,1,testo mutilo,1,https://digi.vatlib.it/mss/detail/Arch.Cap.S.Pietro.I.14,https://digi.vatlib.it/view/MSS_Arch.Cap.S.Pietro.I.14,"1) 1r-125v: Romualdus Salernitanus, m. 1181 Chronicon",2,0,4,0,0,"1) Romualdi Salernitani, Chronicon. Sec. XVI-XVII 2) 1r-125v: Romualdus Salernitanus, m. 1181 Chronicon",,15.5,unreviewed,,,
Barb.lat.31,9.5,1,testo mutilo,1,https://digi.vatlib.it/mss/detail/Barb.lat.31,https://digi.vatlib.it/view/MSS_Barb.lat.31,"1) 1r-101v: Cicero, Marcus Tullius, 106-43 a.C. De officiis.",2,2,4,0,0,"1) 1r-101v: Cicero, Marcus Tullius, 106-43 a.C. De officiis.","Bibliographic References: 2) Garrison, Edward B., 1900-1981 Random Notes on Early Italian Manuscripts. II, In Bibliofilia. Rivista di storia del libro e di bibliografia 1979 3) Winterbottom, Michael, 1934- The Transmission of Cicero’s De Officiis, In Classical Quarterly 1993 4) Guida, Augusto, 1950- Poliziano e Leopardi: un incontro non riconosciuto, In Cultura e Filologia di Angelo Poliziano. Traduzioni e Commenti: Atti del Convegno di studi. Firenze, 27-29 novembre 2014, a cura di Paolo Viti (Edizione Nazionale delle Opere di Angelo Poliziano: Strumenti VI) 2016.",15.5,unreviewed,,,
Vat.lat.12895,14.9,2,Pio II inedita; lettera inedita,1,https://digi.vatlib.it/mss/detail/Vat.lat.12895,https://digi.vatlib.it/view/MSS_Vat.lat.12895,"1) 74r-74bv: Pellico, Silvio, 1789-1854 Lettera a Carlo Voigt.",34,6,1,1,0,"1) Raccolta di autografi donati a papa Pio XI. sec. XVII/XX 2) 2r-v: Mosconi, Evaristo, f. 1906 Lettera a Francesco Ehrle, prefetto della Biblioteca Apostolica Vaticana. 3) 3r-4v: Robertus Bellarmino, s., 1542-1621 Lettera al Sig. Ricciardi Benci. 4) 8r-v: Castagnetto, Cesare Trabucco, conte di, 1802-1888 Lettera a D. Tinetti, direttore del giornale liberale ""L'Unità Italiana"". 5) 10r: Castagnetto, Cesare Trabucco, conte di, 1802-1888 Lettera ad anonimo. 6) 14r-15v: Leo PP. XII, 1760-1829 Lettera alla sorella contessa, Matilde Della Genga. 7) 16r-17v: Leo PP. XII, 1760-1829 Lettera alla sorella contessa, Matilde Della Genga. 8) 18r-19v: Leo PP. XII, 1760-1829 Lettera alla sorella contessa, Matilde Della Genga. 9) 20r-21v: Leo PP. XII, 1760-1829 Lettera alla sorella contessa, Matilde Della Genga. 10) 22r-23v: Leo PP. XII, 1760-1829 Lettera alla sorella contessa, Matilde Della Genga. 11) 24r-25v: Leo PP. XII, 1760-1829 Lettera alla sorella contessa, Matilde Della Genga. 12) 26r-27v: Leo PP. XII, 1760-1829 Lettera alla sorella contessa, Matilde Della Genga. 13) 28r-29r: Leo PP. XII, 1760-1829 Lettera alla sorella contessa, Matilde Della Genga. 14) 30r-31v: Leo PP. XII, 1760-1829 Lettera alla sorella contessa, Matilde Della Genga. 15) 34r-35v: Mai, Angelo, card., 1782-1854 Lettera a Vincenzo Monti. 16) 36r-37v: Mai, Angelo, card., 1782-1854 Lettera a Vincenzo Monti. 17) 38r-39v: Mai, Angelo, card., 1782-1854 Lettera a Bertrand Guillaume Favre. 18) 42r-bv: Leopardi, Giacomo, conte, 1798-1837 Lettera ad Angelo Mai. 19) 43ra-44v: Leopardi, Giacomo, conte, 1798-1837. Opere spurie e dubbie Pensieri varii. 20) 45r: Leopardi, Giacomo, conte, 1798-1837. Opere spurie e dubbie Pensieri di filosofia varia. 21) 48r-48vb: Manzoni, Alessandro, 1785-1873 Lettera alla figlia Vittoria. 22) 49r: Manzoni, Alessandro, 1785-1873 Lettera ad anonimo. 23) 52r-54v: Orléans, Marguerite de Lorraine, duchesse d', 1615-1672 Lettera al papa Innocenzo X. 24) 57r-v: Niebuhr, Barthold Georg, 1776-1831 Lettera ad Angelo Mai. 25) 60r: Pius PP. IX, b., 1792-1878 Biglietto al marchese Sacchetti. 26) 62r-63r: Campani, Luigi Maria, f. 1906 Lettera a Pio X. 27) 64r-65v: Pius PP. IX, b., 1792-1878 Lettera a Leopoldo II di Toscana. 28) 66r: Pius PP. IX, b., 1792-1878 Nota di accompagno a croce in oro. 29) 70r-71v: Tischendorf, Constantin von, 1815-1874 Lettera ad Angelo Mai. 30) 72r: Tischendorf, Constantin von, 1815-1874 Dedica a Gabriele Laureani. 31) 73r: Tischendorf, Constantin von, 1815-1874 Dedica al Principe Francesco Barberini. 32) 74r-74bv: Pellico, Silvio, 1789-1854 Lettera a Carlo Voigt. 33) 76r-v: Fabi Altini, Carolina, f. 1860-1871 Lettera di accompagno a una lettera autografa di Silvio Pellico.","Bibliographic References: 34) Carboni, Luca La caduta dell'ultimo sotto-bibliotecario, In Studi in onore del cardinale Raffaele Farina, a cura di A.M. Piazzoni, I (Studi e testi, 477), 2013 35) Buonocore, Marco, 1954-2022 Le lettere di Giacomo Leopardi presso la Biblioteca Apostolica Vaticana, In Leopardi a Roma, a cura di Novella Bellucci e Luigi Trenti, 1998 36) Varvaro, Mario Le ultime lettere del carteggio di Niebuhr e Mai (febbraio 1828-gennaio 1829), In Miscellanea Bibliothecae Apostolicae Vaticanae XX (Studi e testi, 484), 2014 37) Tisserant, Eugène, card., 1884-1972 Lettres de Constantin von Tischendorf à Carlo Vercellone, In Miscellanea Giovanni Mercati, VI: Paleografia - Bibliografia - Varia (Studi e testi, 126), 1946 38) Avesani, Rino, 1931-2023 Ancora sull'edizione del «Geta» curata dal Μai, In Italia medioevale e umanistica 39) Timpanaro, Sebastiano, 1923-2000 Di alcune falsificazioni di scritti leopardiani In Giornale storico della letteratura italiana 40) Morghen, Raffaello, 1896-1983 Perchè Giacomo Leopardi non fu scrittore della Biblioteca Vaticana (Una lettera inedita di G. Leopardi a Mons. A. Mai), In Archivio della Società romana di storia patria",14.4,unreviewed,,,
Urb.lat.1516-1520,11.5,1,Machiavelli autografo,1,https://digi.vatlib.it/mss/detail/Urb.lat.1516-1520,https://digi.vatlib.it/view/MSS_Urb.lat.1516-1520,"1) Urb.lat.1516, ff. 1r-8v: Gaudenzi, Paganino, 1595-1649 De religione et virtute ex animo colenda. Oratio contra Machiavellum eiusque discipulum [Kaspar Schoppe?].",15,0,1,0,0,"1) Gaudenzi, Paganino, 1595-1649 Opuscula varia. sec. XVII 2) Urb.lat.1516, ff. 1r-8v: Gaudenzi, Paganino, 1595-1649 De religione et virtute ex animo colenda. Oratio contra Machiavellum eiusque discipulum [Kaspar Schoppe?]. 3) Urb.lat.1517, f. IVr: 4) Urb.lat.1517, ff. 1r-87v: Gaudenzi, Paganino, 1595-1649 Della profezia. Trattato [...] diviso in 7 discorsi 5) Urb.lat.1518, ff. 1r-14v: Gaudenzi, Paganino, 1595-1649 Se 'l digiuno si possa accoppiare alle feste e massime alle domeniche. Domanda considerata e risoluta 6) Urb.lat.1519, ff. 1r-11v: Gaudenzi, Paganino, 1595-1649 An in contemplatione ponenda sit felicitas, ob assiduitatem, ut putat Aristoteles? 7) Urb.lat.1520, ff. 18r-23r: Gaudenzi, Paganino, 1595-1649 Quatenus Romani ante tempora Claudii noverint Britanniam esse insulam 8) Urb.lat.1520, ff. 24r-27v: Gaudenzi, Paganino, 1595-1649 Prolatis verbis Gellii exagitur Grosippus [Kaspar Schoppe] obtrectans Ciceroni 9) Urb.lat.1520, ff. 28r-37v: Gaudenzi, Paganino, 1595-1649 Exagitur Grosippus [Kaspar Schoppe] tam petulanter de Varrone loqui. 10) Urb.lat.1520, ff. 38r-44v: Gaudenzi, Paganino, 1595-1649 Exponuntur verba Christi Johan. VIII principium qui et loquor vobis. Reicitur Grosippus [Kaspar Schoppe] et approbatur expositio Aleandri [Hieronimi] quae est sanctorum patrum. 11) Urb.lat.1520, ff. 45r-53v: Gaudenzi, Paganino, 1595-1649 De tyrannorum amore litterarum, dissertationes I-II. 12) Urb.lat.1520, ff. 54r-55v: Gaudenzi, Paganino, 1595-1649 Non calumniatum fuisse Sannazarium quando de morte Politiani scripsit. 13) Urb.lat.1520, ff. 5r-17r: Gaudenzi, Paganino, 1595-1649 De animis beatis. Dissertationes I-III. 14) Urb.lat.1520, ff. 62r-65v: Gaudenzi, Paganino, 1595-1649 De levitate authoris libelli de ratione studiorum","Bibliographic References: 15) Vian, Paolo, 1957- «Una cambiale scontata prima di presentarsi ufficialmente allo sportello»? Achille Ratti prefetto della biblioteca vaticana (1914-1918), In Miscellanea Bibliothecae Apostolicae Vaticanae XVIII, 2011.",13.0,unreviewed,,,
Vat.lat.1670,21.0,2,Napoleone autografo; Pio II inedita,2,https://digi.vatlib.it/mss/detail/Vat.lat.1670,https://digi.vatlib.it/view/MSS_Vat.lat.1670,"1) 10r-12r: Pandoni, Giannantonio, detto il Porcellio, c. 1405-c. 1485 Divo Pio II pont. max. de illustribus poetis oratoribus sui temporis.",55,27,1,5,0,"1) 1r-84r: Pandoni, Giannantonio, detto il Porcellio, c. 1405-c. 1485 Ad divum Pium [II], pont. max., de rebus a se gestis et ab aliis suo tempore, lib. I-VIII. 2) 2v-3v: Pandoni, Giannantonio, detto il Porcellio, c. 1405-c. 1485 Divo Pio II pont. max. [...] post osculum ante pedes. 3) 5r-6r: Pandoni, Giannantonio, detto il Porcellio, c. 1405-c. 1485 Ad Gorum Lollium senem barbarum qui graecum latino anteponit utriusque linguae ignarus. 4) 7r(1): Pandoni, Giannantonio, detto il Porcellio, c. 1405-c. 1485 Oratio scriptori apostolico poetae clarissimo. 5) 7r(2): Pandoni, Giannantonio, detto il Porcellio, c. 1405-c. 1485 Ad immortalitatem Isaiae pisani marmorum celatoris. 6) 10r-12r: Pandoni, Giannantonio, detto il Porcellio, c. 1405-c. 1485 Divo Pio II pont. max. de illustribus poetis oratoribus sui temporis. 7) 21v-22r: Pandoni, Giannantonio, detto il Porcellio, c. 1405-c. 1485 Divo Pio II pont. max. [...] salutatio senis habita cum ex Insubria Romam reverteretur clara voce a civibus et a Summo Pont. Max. revocatus. 8) 27r, 32r: Pandoni, Giannantonio, detto il Porcellio, c. 1405-c. 1485 Divo Pio II pont. max. 9) 28v: Pandoni, Giannantonio, detto il Porcellio, c. 1405-c. 1485 Ad Romanos ut Pium [II] pont. max. Tybure redeuntem maximo honore complectantur. 10) 32r: Pandoni, Giannantonio, detto il Porcellio, c. 1405-c. 1485 Divo Pio II pont. max. 11) 36r: Pandoni, Giannantonio, detto il Porcellio, c. 1405-c. 1485 Sub vera imagine principis Federici Urbini comitis. 12) 39v: Pandoni, Giannantonio, detto il Porcellio, c. 1405-c. 1485 Sepulchrum clari viri Poggii Florentini. 13) 41v: Pandoni, Giannantonio, detto il Porcellio, c. 1405-c. 1485 Sepulchrum Staccolae. 14) 42r-v: Pandoni, Giannantonio, detto il Porcellio, c. 1405-c. 1485 Epigrammata (2) Matthiae Mutio poeta Romano. 15) 42v, 83v-84r: Pandoni, Giannantonio, detto il Porcellio, c. 1405-c. 1485 Carmina (2) ad divum Pium II pont. max. 16) 47r(1): Pandoni, Giannantonio, detto il Porcellio, c. 1405-c. 1485 Sepulchrum Boncontis Monfeltri. 17) 47r(2): Pandoni, Giannantonio, detto il Porcellio, c. 1405-c. 1485 Elegia qua poeta de se ipso Mediolano redeunte Urbino scripsit. 18) 47r(3): Pandoni, Giannantonio, detto il Porcellio, c. 1405-c. 1485 Sepulchrum ducis Berardini Cardensis. 19) 47r(4): Pandoni, Giannantonio, detto il Porcellio, c. 1405-c. 1485 Sepulchrum divae Auree Monfeltre. 20) 49v: Pandoni, Giannantonio, detto il Porcellio, c. 1405-c. 1485 Sepulchrum Staccolae. 21) 52r: Pandoni, Giannantonio, detto il Porcellio, c. 1405-c. 1485 Sub vera imagine principis Federici Urbini comitis. 22) 54v: Pandoni, Giannantonio, detto il Porcellio, c. 1405-c. 1485 Sepulchrum Boncontis Monfeltri. 23) 55v: Pandoni, Giannantonio, detto il Porcellio, c. 1405-c. 1485 Elegia qua scribit poeta fortunae suae mutationem in senectute beneficio ill.mi principis Federici. 24) 77r: Pandoni, Giannantonio, detto il Porcellio, c. 1405-c. 1485 Carmen de marmoreo capite Portiae uxoris Bruti et Catonis filiae. 25) 85r-120r: Pandoni, Giannantonio, detto il Porcellio, c. 1405-c. 1485 Carmina varia. 26) 85r-86r: Pandoni, Giannantonio, detto il Porcellio, c. 1405-c. 1485 Carmen amplissimo patri Francesco Piccolomini (poi papa Pio III), diacono cardinali senensi. 27) 86r-87r, 88v-89v, 90r, 92r: Pandoni, Giannantonio, detto il Porcellio, c. 1405-c. 1485 Carmina (4) ad divum Pium II pont. max. 28) 87v-88r: Pandoni, Giannantonio, detto il Porcellio, c. 1405-c. 1485 Carmen equiti Andreae Piccolomino divi Pii II pont. max. nepoti. Quod plurimum debeat fortunae ac naturae omnium rerum parenti ob collata beneficia. 29) 91r-92r: Pandoni, Giannantonio, detto il Porcellio, c. 1405-c. 1485 Carmen equiti Andreae Piccolomino divi Pii II pont. max. nepoti. Quod plurimum debeat fortunae ac naturae omnium rerum parenti ob collata beneficia. 30) 92v-93v: Pandoni, Giannantonio, detto il Porcellio, c. 1405-c. 1485 [Carmen] clarissimo piae militiae imperatori Antonio de Aragonia. 31) 94r: Pandoni, Giannantonio, detto il Porcellio, c. 1","Bibliographic References: 55) Bianca, Concetta Marianus de Magistris de Urbe, In Scrittura, biblioteche e stampa a Roma nel Quattrocento, 1983 56) Frommel, Christoph Luitpold, 1933- Francesco del Borgo, Architekt Pius' II. und Pauls II., In Römisches Jahrbuch für Kunstgeschichte 1983 57) Bernardi, Marco Per la ricostruzione della biblioteca colocciana: lo stato dei lavori, In Angelo Colocci e gli studi romanzi, a cura di C. Bologna - M. Bernardi (Studi e Testi, 449), 2008 58) Bernardi, Marco Gli elenchi bibliografici di Angelo Colocci: la lista A e l'inventario primo (Arch. Bibl. 15, pt. A), In Miscellanea Bibliothecae Apostolicae Vaticanae XX (Studi e testi, 484), 2014 59) Aronberg Lavin, Marilyn Piero della Francesca's «Flagellation»: the Triumph of Christian Glory, In Art Bulletin 1968 60) Palazzini, Giuseppe, sac., 1910-1981 Cenni della politica ecclesiastica di Ottaviano Ubaldini della Carda nei frammenti inediti di parte del suo epistolario, In Atti e memorie della Deputazione di storia patria per le Marche 1968-70 61) Schröter, Elisabeth Der Vatikan als Hügel Apollons und der Musen. Kunst und Panegyrik von Nikolaus V. bis Julius II., In Römische Quartalschrift für christliche Altertumskunde und für Kirchengeschichte 1980 62) Bernardi, Marco Angelo Colocci (Jesi [Ancona] 1474 – Roma 1549), In Autografi dei letterati italiani. Il Cinquecento, II, a cura di M. Motolese, P. Procaccioli, E. Russo, 2013 63) Iacono, Antonietta Porcelio (Giannantonio Pandoni) (Napoli 1405 ca. ",12.5,unreviewed,,,
Urb.lat.326,11.5,1,opera perduta,1,https://digi.vatlib.it/mss/detail/Urb.lat.326,https://digi.vatlib.it/view/MSS_Urb.lat.326,"1) Giovanni Antonio Campano, Vita et res gestae Braccii Fortebraccii. sec. XV ex",3,19,4,3,0,"1) Giovanni Antonio Campano, Vita et res gestae Braccii Fortebraccii. sec. XV ex 2) 1r-219v: Campano, Giovanni Antonio, vesc. di Teramo, 1429-1477 Vita et res gestae Braccii Fortebraccii libri I-VI","Bibliographic References: 3) Critelli, Maria Gabriella Per la carriera di Matteo Contugi. A proposito di un testimone delle orazioni di Giovanni Antonio Campano (Urb.lat.324) e della sua datazione, In Studi in onore del cardinale Raffaele Farina, a cura di A.M. Piazzoni, I (Studi e testi, 477), 2013 4) Mariani Canova, Giordana La natura dipinta: il Plinio Gonzaga e i suoi miniatori, In Rivista di storia della miniatura 2008 5) Marcon, Susy Corenti Giovanni, In Dizionario biografico dei miniatori italiani. Secoli IX-XVI, a cura di M. Bollati, 2004 6) Martelli, Cecilia The production of illuminated manuscripts in Florence and Urbino, In Federico da Montefeltro and his library, edited by Marcello Simonetta, 2007 7) De la Mare, Albinia Catherine, 1932-2001 Bartolomeo Sanvito. The life & work of a Renaissance scribe. A.C. De La Mare & Laura Nuvoloni, (The Handwriting of the Italian Humanist, 2), 2009 8) Daneu Lattanzi, Angela I manoscritti e incunabuli miniati italiani della Biblioteca Bodleiana di Oxford nel catalogo di O. Pächt e J.J.G. Alexander, In Bollettino d’arte 1972 9) Morelli, Giorgio, 1932- Manoscritti d'interesse abruzzese della Biblioteca Vaticana, In Bullettino della Deputazione abruzzese di storia patria 1973 10) Peruzzi, Marcella ""Lectissima politissimaque volumina"": i fondi urbinati, In La Vaticana nel Seicento (1590-1700): una biblioteca di biblioteche, a cura di Claudia Montuschi (Storia della Biblioteca Apostolica Vaticana, 3), 2014 11) Petrucci Nardelli, Franc",11.5,unreviewed,,,
Vat.lat.4927,11.5,1,opera perduta,1,https://digi.vatlib.it/mss/detail/Vat.lat.4927,https://digi.vatlib.it/view/MSS_Vat.lat.4927,1) Materia seu Declaratio processus electionis. sec. XIV-XV,16,9,1,1,0,"1) Materia seu Declaratio processus electionis. sec. XIV-XV 2) 3r-23r: Iohannes de Legnano, c. 1320-1383 De fletu Ecclesie. 3) 23v-29v: Amiel, Pierre, card., 1309-1389 Contra petentes concilium generales in facto scismatis tractatus. 4) 49v-50v: Elenco dei 24 scismi anteriori a quello del 1378. 5) 50v-51v: San Paolo (chiesa : Liège). Chapitre Epistola. 6) 51v-52r: Quaestio. 7) 53r-67v: Petrus Tenorio, vesc. di Badajoz, f. 1390-1392 Dubia. 8) 68r-82v: De penitenciis et remissionibus. 9) 86r-104r: Deschamps, Gilles, card., c. 1360-c. 1413 Tractatus pro unione ecclesie. 10) 105r-113r: Charles VI, re di Francia, 1368-1422 Decretum. 11) 114r-125r: Université de Paris Epistola. 12) 126r-135r: Memorandum. 13) 136rv: Conclusiones proposite coram rege Francorum a magistro E<gidio> de Campis, magistro in theologia Parisiensi. 14) 137r-143r: Grote, Geert, 1340-1384 Epistola de scismate. 15) 144r-147r: Raccolta di appunti e brevi testi sullo scisma.","Bibliographic References: 16) Bertram, Martin The catalogue of juridical manuscripts in the Vatican Library: a report on the present state of an uncompleted project, In Miscellanea Bibliothecae Apostolicae Vaticanae XX (Studi e testi, 484), 2014 17) Di Sante, Assunta I Vaticani latini: dinamiche di organizzazione e di accrescimento tra Cinque e Seicento, In La Vaticana nel Seicento (1590-1700): una biblioteca di biblioteche, a cura di Claudia Montuschi (Storia della Biblioteca Apostolica Vaticana, 3), 2014 18) Fossier, François, 1950- Premières recherches sur les manuscrits latins du Cardinal Marcello Cervini (1501-1555), In Mélanges de l'École française de Rome. Moyen Âge 1979 19) Bethmann, Ludwig Konrad, 1812-1867 Nachrichten über die von ihm für die «Monumenta Germaniae historica» benutzten Sammlungen von Handschriften und Urkunden Italiens, aus dem Jahre 1854, In Archiv der Gesellschaft für ältere deutsche Geschichtskunde 20) McCall, John P. The Writings of John of Legnano with a List of Manuscripts In Traditio. Studies in ancient and medieval history, thought and religion 21) Mercati, Giovanni, card., 1866-1957 Codici latini Pico Grimani Pio e di altra biblioteca ignota del secolo XVI esistenti nell'Ottoboniana e I codici greci Pio di Modena con una digressione per la storia dei codici di S. Pietro in Vaticano, (Studi e Testi 75), 1938. 22) I codici greci di Niccolò V: edizione dell'inventario del 1455 e identificazione dei manoscritti con approfondimenti sulle vicende d",11.0,unreviewed,,,
Barb.lat.142,9.5,1,testo mutilo,1,https://digi.vatlib.it/mss/detail/Barb.lat.142,https://digi.vatlib.it/view/MSS_Barb.lat.142,"1) 124r-162r: Cicero, Marcus Tullius, 106-43 a.C. Pro Cluentio Habito oratio. 2) 265r-284r: Cicero, Marcus Tullius, 106-43 a.C. Pro Caelio oratio.",25,3,1,0,0,"1) 1r: 2) 1r-17r: Cicero, Marcus Tullius, 106-43 a.C. De imperio Cn. Pompei oratio. 3) 17r-43r: Cicero, Marcus Tullius, 106-43 a.C. Pro Milone oratio. 4) 43r-71r: Cicero, Marcus Tullius, 106-43 a.C. Pro Plancio oratio. 5) 71r-94r: Cicero, Marcus Tullius, 106-43 a.C. Pro Cornelio Sulla oratio. 6) 94r: Loschi, Antonio, c. 1365-1441 Argumentum [Ciceronis] orationis pro A.L. Archia 7) 94v-101r: Cicero, Marcus Tullius, 106-43 a.C. Pro Archia oratio. 8) 101r-108r: Cicero, Marcus Tullius, 106-43 a.C. Pro Marcello oratio. 9) 108r: Loschi, Antonio, c. 1365-1441 Argumentum [Ciceronis] orationis pro Q. Ligario 10) 108r-115r: Cicero, Marcus Tullius, 106-43 a.C. Pro Ligario oratio. 11) 115r: Loschi, Antonio, c. 1365-1441 Argumentum [Ciceronis] orationis pro rege Deiotaro 12) 115r-124r: Cicero, Marcus Tullius, 106-43 a.C. Pro rege Deiotaro oratio. 13) 124r-162r: Cicero, Marcus Tullius, 106-43 a.C. Pro Cluentio Habito oratio. 14) 163r-183r: Cicero, Marcus Tullius, 106-43 a.C. Pro Flacco oratio. 15) 185r-190r: Cicero, Marcus Tullius, 106-43 a.C. Post reditum oratio II. <Ad Quirites> 16) 191r-201r: Cicero, Marcus Tullius, 106-43 a.C. Post reditum oratio I. <In senatu> 17) 201r-207r: Cicero, Marcus Tullius, 106-43 a.C. Opere spurie e dubbie Oratio pridie quam in exilium iret. 18) 208r-229r: Cicero, Marcus Tullius, 106-43 a.C. Pro Sestio oratio. 19) 229r-265r: Cicero, Marcus Tullius, 106-43 a.C. Post reditum oratio III. <De domo sua> 20) 265r-284r: Cicero, Marcus Tullius, 106-43 a.C. Pro Caelio oratio. 21) 284r-301r: Cicero, Marcus Tullius, 106-43 a.C. Pro Cornelio Balbo oratio. 22) 301r-308r: Cicero, Marcus Tullius, 106-43 a.C. In Publium Vatinium testem interrogatio. 23) 308r-327r: Cicero, Marcus Tullius, 106-43 a.C. Post reditum oratio IV. <De haruspicum responsis> 24) 328r-338r: Cicero, Marcus Tullius, 106-43 a.C. De provinciis consularibus oratio.","Bibliographic References: 25) Fohlen, Jeannine Notes sur quelques manuscrits latins de textes classiques conservés à la Bibliotheque vaticane, In Revue d’histoire des textes 1971 26) Rizzo, Silvia Apparati ciceroniani e congetture del Petrarca, In Rivista di filologia e di istruzione classica 1975 27) Gumbert, J. P., n. 1936 Cicerones Leidenses, In Medieval Manuscripts of the Latin Classics: Production and Use 1996 28) Guida, Augusto, 1950- Poliziano e Leopardi: un incontro non riconosciuto, In Cultura e Filologia di Angelo Poliziano. Traduzioni e Commenti: Atti del Convegno di studi. Firenze, 27-29 novembre 2014, a cura di Paolo Viti (Edizione Nazionale delle Opere di Angelo Poliziano: Strumenti VI) 2016.",11.0,unreviewed,,,
Urb.lat.899,11.5,1,opera perduta,1,https://digi.vatlib.it/mss/detail/Urb.lat.899,https://digi.vatlib.it/view/MSS_Urb.lat.899,1) Ordine delle nozze dello illustrissimo messer Costanzo Sforza e Camilla d’Aragona. sec. XV ex,5,16,3,3,0,"1) Ordine delle nozze dello illustrissimo messer Costanzo Sforza e Camilla d’Aragona. sec. XV ex 2) 1r-124v: Ordine delle Noççe dello Illustrissimo Signore Meser Constantio Sfortia de Aragonia et della Illustrissima Madonna Ca(m)milla de Aragonia sua consorte nella(n)no 1475. 3) 15v-49r: Collenuccio, Pandolfo, 1444-1504 Oratio de coniugio Constantii Sforzae et Camillae de Aragonia. 4) 102r-105r: Costanzi, Antonio, 1436-1490 Oda in Constantii Sfortiae et Camillae Aragoniae laudem","Bibliographic References: 5) Cartwright, Sarah Antiquarianism in Pesaro: text and image in Ms. Urb. Lat. 899, In Rivista di storia della miniatura 2009 6) Balla, Gabriella Piatto con lo stemma di Re Mattia e della Regina Beatrice, con l'allegoria della Verginità, In Mattia Corvino e Firenze. Arte e umanesimo alla corte del Re d'Ungheria, 2013 7) Arbizzoni, Guido Note sull’ Ordine de le noze di Costanzo Sforza e Camilla d’Aragona, In Studi umanistici piceni 1995 8) Arbizzoni, Guido La saffica di Antonio Costanzi per le nozze di Costanzo Sforza e Camilla d’Aragona, In Studi latini in ricordo di Rita Cappelletto, 1996 9) Carusi, Paola Ibn Umail e lo pseudo-Callistene: un esempio di utilizzazione di fonti letterarie nell’alchimia arabo-islamica, In Medioevo. Rivista di storia della filosofia medievale 1997 10) Donati, Lamberto, 1890-1982 Le fonti iconografiche di alcuni manoscritti urbinati. Osservazioni intorno ai cosiddetti «Tarocchi del Mantegna» In Bibliofilia. Rivista di storia del libro e di bibliografia 11) Roberts, Alison M. Feminine Alchemy, Egyptian Hermes, and Botticelli's Primavera: the quest for the Golden Fruit, In Via Nova: emergenze dell'Oltre da Lascaux a oggi, a cura di D. Boccasini, Quaderni di Studi Indo-Mediterranei 2022. 12) Cieri Via, Claudia Ipotesi di un percorso funzionale e simbolico nel Palazzo Ducale di Urbino attraverso le immagini, In Federico di Montefeltro. Lo stato le arti la cultura. II, 1986 13) Dixon, Laurinda S. An Iconographical Riddle: Gerb",10.0,unreviewed,,,
Urb.lat.1585,10.0,1,Dante autografo,1,https://digi.vatlib.it/mss/detail/Urb.lat.1585,https://digi.vatlib.it/view/MSS_Urb.lat.1585,"Low Quality 1) 82r-86v, 136r-139v, 181r-185v: Gaudenzi, Paganino, 1595-1649 Poesie, osservazioni e dissertazioni varie su Dante Alighieri; riduzione a versi sciolti di alcuni canti dell'Inferno e del Paradiso della Divina Commedia.",74,1,1,0,1,"1) 1r-359v: Gaudenzi, Paganino, 1595-1649 Poesie. 2) 3r-8v: Gaudenzi, Paganino, 1595-1649 Poesie varie a Vittoria Della Rovere. 3) 3r-8v, 28r, 49v, 65r-67r, 160r-163r, 174r: Gaudenzi, Paganino, 1595-1649 4) 10r, 24r-25r, 33r, 69r-70v, 87r, 135r, 169r-170v: Gaudenzi, Paganino, 1595-1649 Poesie varie ad una donna chiamata Eritrea. 5) 12r-13r: Pierucci, Giovanni Michele, m. 1678 Canzonetta in lode di Paganino Gaudenzio. 6) 12r-13r, 26r-27r, 96r, 102r, 141r: Poesie di vari autori in lode di Paganino Gaudenzi. 7) 15r(1): Gaudenzi, Paganino, 1595-1649 Sonetto nel dottorato delli signori Ferrante Capponi e Francesco Albergoti 8) 15r(2): Gaudenzi, Paganino, 1595-1649 Poesie varie a Ferrante Capponi. 9) 16r, 43r, 144r-145v: Gaudenzi, Paganino, 1595-1649 Poesie varie a Margherita Lanfranchi. 10) 17r: Gaudenzi, Paganino, 1595-1649 Sopra la partenza della sig.ra Anna Maria Pichi. 11) 21r-22r: Gaudenzi, Paganino, 1595-1649 Sopra la battaglia di Monsù di Sciatiglion 12) 26r: Sonetto in lode di Paganino Gaudenzi. 13) 26v: Sonetto anonimo in lode di Paganino Gaudenzi. 14) 27r: Sonetto in lode di Paganino Gaudenzi. 15) 34r, 90r: Gaudenzi, Paganino, 1595-1649 Poesie alla sig.ra Paulina, cantante. 16) 35r, 44v, 112r-v, 203r-206r: Gaudenzi, Paganino, 1595-1649 Poesie varie al principe Lorenzo de' Medici. 17) 35r-36r, 88r, 142r-143r: Gaudenzi, Paganino, 1595-1649 Poesie varie alle donne di Pisa. 18) 38r: Gaudenzi, Paganino, 1595-1649 Alla Sig.ra Angela Martini. 19) 43v, 124r, 131r, 179r-180v: Gaudenzi, Paganino, 1595-1649 Poesie varie a Gustaf Adolf, re di Svezia. 20) 44r: Gaudenzi, Paganino, 1595-1649 Poesie varie al duca di Guisa. 21) 44r, 107r-108v: Gaudenzi, Paganino, 1595-1649 Poesie varie al card. Giancarlo de' Medici. 22) 44v: Gaudenzi, Paganino, 1595-1649 Al Principe Mattia [de' Medici] 23) 44v, 126r: Gaudenzi, Paganino, 1595-1649 Poesie varie a François de Lorraine, principe di Joinville. 24) 45r: Gaudenzi, Paganino, 1595-1649 Poesie varie al principe Francesco de' Medici. 25) 47v-49r: Gaudenzi, Paganino, 1595-1649 Sonetti (4) alla città di Livorno. 26) 53r-56r: Gaudenzi, Paganino, 1595-1649 In lode della signora V. P. 27) 57r-58v: Stanze in persone delle signore di Pisa. 28) 59r: Gaudenzi, Paganino, 1595-1649 Al sig. Cav. Antonio Curini 29) 61r, 176r: Gaudenzi, Paganino, 1595-1649 Poesie varie a Pietro Cascina. 30) 63v: Gaudenzi, Paganino, 1595-1649 Due madrigali alla sig.ra Camilla Campiglia Lanfranco 31) 71r-72v: Gaudenzi, Paganino, 1595-1649 Poesie varie a Filena. 32) 74r: Gaudenzi, Paganino, 1595-1649 Poesie ed epigrammi vari dedicati alla famiglia de' Medici. 33) 75r: Gaudenzi, Paganino, 1595-1649 Nella malattia del sig. Duca di Gioiosa 34) 79r: Gaudenzi, Paganino, 1595-1649 Sonetto ad una donna chiamata Tortella. 35) 80r: Gaudenzi, Paganino, 1595-1649 Ottave ad una donna chiamata Lucrezia. 36) 81r: Gaudenzi, Paganino, 1595-1649 Poesie ad una donna chiamata Maria. 37) 82r-86v, 136r-139v, 181r-185v: Gaudenzi, Paganino, 1595-1649 Poesie, osservazioni e dissertazioni varie su Dante Alighieri; riduzione a versi sciolti di alcuni canti dell'Inferno e del Paradiso della Divina Commedia. 38) 91r: Gaudenzi, Paganino, 1595-1649 Vita del Marini. 39) 93r-94v: Gaudenzi, Paganino, 1595-1649 Al valoroso sig. capitano Giuseppe Pocherone, ottave 40) 96r: Sonetto anonimo in lode di Paganino Gaudenzi. 41) 100r-101v: Gaudenzi, Paganino, 1595-1649 Canzone in lode della signora Girolama Mannona 42) 102r: Madrigale anonimo in lode di Paganino Gaudenzi. 43) 103r-104r: Gaudenzi, Paganino, 1595-1649 Quaternarij in lode di monsig. Giuliano Medici, arcivescovo di Pisa, al sig. Camillo Lenzoni 44) 104v: Gaudenzi, Paganino, 1595-1649 Iscrizione per la casa della signora Cinzia Guallanda. 45) 105v: Gaudenzi, Paganino, 1595-1649 Poesia a Cinzia Lenzoni, nata Guallanda. 46) 106r: Gaudenzi, Paganino, 1595-1649 Poesie varie a Leopoldo de' Medici. 47) 109r: Gaudenzi, Paganino, 1595-1649 Al ser.mo ed em.mo sig. card. [Carlo] de' Medici nel suo arrivo a Pisa 48) 112v: ","Bibliographic References: 74) Frattarolo, Renzo, 1912-2003 Per una storia della critica dantesca In Accademie e biblioteche d’Italia 75) Vian, Paolo, 1957- «Una cambiale scontata prima di presentarsi ufficialmente allo sportello»? Achille Ratti prefetto della biblioteca vaticana (1914-1918), In Miscellanea Bibliothecae Apostolicae Vaticanae XVIII, 2011.",9.5,unreviewed,,,
Vat.lat.3196,11.5,1,Petrarca autografo,1,https://digi.vatlib.it/mss/detail/Vat.lat.3196,https://digi.vatlib.it/view/MSS_Vat.lat.3196,"1) Francesco Petrarca , Rerum vulgarium fragmenta. sec. XIV med. 2) 1r-20v: Petrarca , Francesco, 1304-1374 Rerum vulgarium fragmenta.",5,220,3,5,0,"1) Francesco Petrarca, Rerum vulgarium fragmenta. sec. XIV med. 2) 1r: Del Bene, Sennuccio, c. 1275-1349 Oltra l’usato modo si rigira 3) 1r-20v: Petrarca, Francesco, 1304-1374 Rerum vulgarium fragmenta. 4) 10r: Dietisalvi, Pietro, f. 1330-1337 El bell’occhio d’Appollo dal chui guardo","Bibliographic References: 5) Bianco, Monica Quarantena guittoniana in un autografo di Domenico Venier, In Medioevo romanzo 2008 6) Guerrini Ferri, Gemma «I tempi e' luoghi e l'opere leggiadre»: la tradizione manoscritta della prevulgata e la fortuna dei ""Trionfi"" nel quattrocento, In I luoghi dello scrivere da Francesco Petrarca agli albori dell'età moderna, 2006 7) Tristano, Caterina, 1951- Paleografia e codicologia latina, In La Biblioteca Apostolica Vaticana luogo di ricerca al servizio degli studi. Atti del Convegno Roma, 11-13 novembre 2010, a cura di M.Buonocore - A.M.Piazzoni (Studi e testi, 468), 2011 8) Antonelli, Roberto, 1942- Italianistica, In La Biblioteca Apostolica Vaticana luogo di ricerca al servizio degli studi. Atti del Convegno Roma, 11-13 novembre 2010, a cura di M.Buonocore - A.M.Piazzoni (Studi e testi, 468), 2011 9) Bernardi, Marco Intorno allo zibaldone colocciano Vat. lat. 4831, In Angelo Colocci e gli studi romanzi, a cura di C. Bologna - M. Bernardi (Studi e Testi, 449), 2008 10) Canart, Paul, sac., 1927-2017 Kodikologie, In Études de paléographie et de codicologie. Reproduites avec la collaboration de Maria Luisa Agati et Marco D'Agostino. Tome II (Studi e testi, 451), 2008 11) Manfredi, Antonio, 1961- Le carte di Augusto Campana per il catalogo dei manoscritti latini di Fulvio Orsini (Vat.lat.15321 [1-4]), In Miscellanea Bibliotechecae Apostolicae Vaticanae, XIX (Studi e testi, 474), 2012 12) Pastore Stocchi, Manlio Lectura Petrarce. I sonetti II",6.0,unreviewed,,,
Urb.lat.224,13.9,2,lettera inedita; testo mutilo,1,https://digi.vatlib.it/mss/detail/Urb.lat.224,https://digi.vatlib.it/view/MSS_Urb.lat.224,"1) 241r-246r: Bracciolini, Poggio, 1380-1459 Ad Karolum Aretinum [Marsuppini] Laurentii Medicis laudatio",21,27,1,5,0,"1) 1r-53v: Bracciolini, Poggio, 1380-1459 De varietate fortunae libri I-IV 2) 54r-74r: Bracciolini, Poggio, 1380-1459 In avaritiam Liber incipit ad Franciscum Barbarum 3) 74v-78v: Bracciolini, Poggio, 1380-1459 De vera nobilitate 4) 88r-108r: Bracciolini, Poggio, 1380-1459 De infelicitate principum 5) 108v-114v: Bracciolini, Poggio, 1380-1459 An seni sit uxor ducenda 6) 115r-129v: Bracciolini, Poggio, 1380-1459 Contra hypocritas 7) 130r-161r: Bracciolini, Poggio, 1380-1459 De miseria conditionis humanae libri I-II 8) 161v-184r: Bracciolini, Poggio, 1380-1459 Historia tripartita 9) 184v-190r: Bracciolini, Poggio, 1380-1459 De praestantia Scipionis et Caesaris 10) 190v: Guarino Veronese, 1370-1460 De praestantia Scipionis et Caesaris [epistolium] ad Leonellum Estensem 11) 191r-207v: Guarino Veronese, 1370-1460 De praestantia Scipionis et Caesaris ad Leonellum Estensem 12) 208r: Bracciolini, Poggio, 1380-1459 Epistula ad Leonellum Estensem 13) 208v-227v: Bracciolini, Poggio, 1380-1459 De praestantia Caesaris et Scipionis ad Leonellum Estensem 14) 228r-234v: Bracciolini, Poggio, 1380-1459 Oratio habita Constantiae in funere Francisci de Zabarellis Patavini cardinalis Florentini 15) 233r-240v: Bracciolini, Poggio, 1380-1459 Oratio in funere Nicolai Nicoli civis Florentini 16) 241r-246r: Bracciolini, Poggio, 1380-1459 Ad Karolum Aretinum [Marsuppini] Laurentii Medicis laudatio 17) 246v-252v: Bracciolini, Poggio, 1380-1459 Oratio in funere Cardinalis Sanctae Crucis [Nicolai de Albergatis] 18) 253r-259r: Bracciolini, Poggio, 1380-1459 Oratio in laudes Leonardi Aretini 19) 259v-265v: Bracciolini, Poggio, 1380-1459 Oratio in laudem Cardinalis Sancti Angeli 20) 266r-270r: Bracciolini, Poggio, 1380-1459 Ad summum ponteficem Nicolaum V oratio","Bibliographic References: 21) Labriola, Ada Poggio Bracciolini, Historia florentina, libri I-VIII, In Federico da Montefeltro and his library, edited by Marcello Simonetta, 2007 22) De la Mare, Albinia Catherine, 1932-2001 Bartolomeo Sanvito. The life & work of a Renaissance scribe. A.C. De La Mare & Laura Nuvoloni, (The Handwriting of the Italian Humanist, 2), 2009 23) Mordek, Hubert, 1939-2006 Die historische Wirkung der Collectio Herovalliana, In Zeitschrift für katholische Theologie 24) Casella, Nicola Pio II tra geografia e storia: la «Cosmographia», In Archivio della Società romana di storia patria 1972 25) Peruzzi, Marcella ""Lectissima politissimaque volumina"": i fondi urbinati, In La Vaticana nel Seicento (1590-1700): una biblioteca di biblioteche, a cura di Claudia Montuschi (Storia della Biblioteca Apostolica Vaticana, 3), 2014 26) Canfora, Davide La topica del “principe” e l’uso umanistico delle fonti in Poggio Bracciolini, In Humanistica Lovaniensia 1996 27) De la Mare, Albinia Catherine, 1932-2001 Vespasiano da Bisticci as Producer of Classical Manuscripts in Fifteenth-Century Florence, In Medieval Manuscripts of the Latin Classics: Production and Use, 1996 28) Kajanto, Iiro Poggio Bracciolini’s oratory, In Studi umanistici piceni 1994 29) Kajanto, Iiro Poggio Bracciolini’s “De infelicitate principum” and its Classical Sources, In International Journal of the Classical Tradition 1, 1994 30) Lazzi, Giovanna Per un itinerario iconografico nei codici miniati di Leon",5.4,unreviewed,,,
Vat.lat.4105,11.5,1,Michelangelo autografo,1,https://digi.vatlib.it/mss/detail/Vat.lat.4105,https://digi.vatlib.it/view/MSS_Vat.lat.4105,"1) 312r: Tonti, Michelangelo , sec. XVI Lettera a Scipione Forteguerri.",85,37,1,5,0,"1) 5r: Surari, Vincenzo, sec. XVI Lettera a Fulvio Orsini. 2) 7r-11v, 15r: Cervini, Alessandro, m. c. 1581 Lettere (4) a Fulvio Orsini. 3) 13r, 26r, 65r, 202r, 251r, 256r: Manuzio, Paolo, 1512-1574 Lettere (6) a Fulvio Orsini. 4) 17r-v: Nizzoli, Mario, 1498-1566 Lettera a Fulvio Orsini. 5) 19r-v: Magno, Pietro Lettera a Fulvio Orsini. 6) 21r-40r: Sigonio, Carlo, m. 1584 Lettere (13) a Fulvio Orsini. 7) 42r: Granvelle, Antoine Perrenot de, card., 1517-1586 Lettera a Fulvio Orsini. 8) 45r: Agustín, Antonio, arciv. di Tarragona, 1517-1586 Lettera a Fulvio Orsini. 9) 45r, 237r, 241r-247r: Agustín, Antonio, arciv. di Tarragona, 1517-1586 Lettere (6) a Fulvio Orsini. 10) 47r: Patrizi, Francesco, 1529-1597 Lettera a Fulvio Orsini. 11) 49r-53r: Torrentius, Laevinus, vesc. di Anvers, 1525-1595 Lettere (3) a Fulvio Orsini. 12) 55r, 77r, 82r, 219r-224r, 228r-239r: Sigonio, Carlo, m. 1584 Lettere (14) a Fulvio Orsini. 13) 57r, 254r: Ligorio, Pirro, c. 1510-1583 Lettere (2) a Fulvio Orsini. 14) 59r: Plantin, Christophe, 1514-1589 Lettera a Fulvio Orsini. 15) 63r, 66r, 68r, 80r, 342r: Pantagato, Ottavio, O.S.M., 1494-1567 Lettere a Fulvio Orsini. 1562-1567 16) 72r: Muret, Marc-Antoine, 1526-1585 Lettera a Fulvio Orsini. 17) 73r: Pantagato, Ottavio, O.S.M., 1494-1567 Lettera a Fulvio Orsini. 18) 75r-v: Arias Montano, Benito, 1527-1598 Lettera a Fulvio Orsini. 19) 84r, 88r: Veli, Giulio Cesare, f. 1598 Lettere (2) a Fulvio Orsini. 20) 86r, 330r-334r: Borgianni, Alessandro, f. 1598 Lettere 1-3 a Fulvio Orsini. 21) 90r-91r: Sambucus, Johannes, 1531-1584 Lettere (2) a Fulvio Orsini. 22) 92r: Vettori, Pietro, 1499-1585 Lettera a Fulvio Orsini. 23) 93r: Giberti, Giovanni Matteo, vesc. di Verona, 1495-1543 Lettera al card. Agostino Trivulzio. 24) 95r: Giberti, Giovanni Matteo, vesc. di Verona, 1495-1543 Lettera a Bernardino Rutilio. 25) 97r-97ar: Grassi, Giampietro, vesc. di Viterbo, m. 1538 Lettera a Bernardino Rutilio. 26) 98r: Colocci, Angelo, vesc. di Nocera Umbra, 1474-1549 Lettera a papa Clemente VII. 27) 99r: Ridolfi, Nicolò, card., 1501-1550 Lettera a Bernardino Rutilio. 28) 102r, 109r, 113r-117v, 199r-201v, 276r-285v: Lettere di diversi ad Angelo Colocci. 29) 104r: Grassi, Giampietro, vesc. di Viterbo, m. 1538 Lettera al card. Ridolfi. 30) 105r: Equicola, Mario, 1470-1525 Lettera ad Aldo Manuzio. 31) 106r: Candido, Pietro, O.S.B.Cam., m. 1513 Lettera ad Aldo Manuzio. 32) 107r: Pio, Alberto, principe di Carpi, 1475-1531 Lettera ad Aldo Manuzio. 33) 108r: Forteguerri, Scipione, 1466-1515 Lettere ad Aldo Manuzio. 34) 111r: Musurus, Marcus, arciv. di Malvasia, 1470-1517 Lettera ad Aldo Manuzio. 35) 112r-v: Lascaris, Ianus, 1445-1534 Lettera ad Aldo Manuzio. 36) 113r: Alois, Giovanni Francesco, m. 1564 Lettera ad Angelo Colocci. 37) 116r: Cesarini, Alessandro, card., m. 1542 Lettera ad Angelo Colocci. 38) 118r-v: Summonte, Pietro, 1463-1526 Lettera ad Aldo Manuzio. 39) 128r: Grimani, Marino, card., c. 1488-1546 Lettera ad Angelo Colocci vescovo di Nocera 40) 145r, 164r, 166r, 188r, 196r: Castellari, Bernardino, vesc. di Casale Monferrato, m. 1546 Lettere (5) ad Angelo Colocci. 41) 147r: Guidobaldo II Della Rovere, duca di Urbino, 1514-1574 Lettera ad Angelo Colocci. 42) 149r: Farnese, Giulia, f. 1567 Lettera a Fulvio Orsini. 43) 151r: Orsini, Valerio, f. 1527 Lettera ad Angelo Colocci. 44) 152r, 149r, 158r: Duranti, Vincenzo, vesc. di Orvieto, m. 1545 Lettere 1-3 ad Angelo Colocci vescovo di Nocera 45) 154r: Ruffo, Giovanni, arciv. di Cosenza, m. 1527 Lettera ad Angelo Colocci. 46) 155r: Bonanni, Antonio, sec. XVI Lettera ad Angelo Colocci, vesc. di Nocera. 47) 157r: Foschi, Gabriele, m. 1533 Lettera ad Angelo Colocci. 48) 176r: Colocci, Angelo, vesc. di Nocera Umbra, 1474-1549 Memoria del Colocci quando s'era per morir. 1 maggio 1549 49) 178r, 170r, 138r: Giberti, Giovanni Matteo, vesc. di Verona, 1495-1543 Lettere (3) ad Angelo Colocci. 50) 194r, 160r-163r: Vettori, Pietro, 1499-1585 Lettere (4) ad Angelo Colocci. 51) 195r: Casali, Battista, ","Bibliographic References: 85) Grafinger, Christine Maria, 1953- Theodor Mommsens Studien an der Vatikanischen Bibliothek, In Miscellanea Bibliothecae Apostolicae Vaticanae X, 2003 86) Bologna, Corrado Il ""punto"" su Angelo Colocci, In Angelo Colocci e gli studi romanzi, a cura di C. Bologna - M. Bernardi (Studi e Testi, 449), 2008 87) Bernardi, Marco Per la ricostruzione della biblioteca colocciana: lo stato dei lavori, In Angelo Colocci e gli studi romanzi, a cura di C. Bologna - M. Bernardi (Studi e Testi, 449), 2008 88) Puliafito, Anna Laura Francesco Patrizi (Cherso 1529 - Roma 1597), In Autografi dei letterati italiani. Il Cinquecento, I, a cura di M.Motolese - P.Procaccioli - E.Russo, 2009 89) Mouren, Raphaële Piero Vettori (Firenze 1499 - 1585), In Autografi dei letterati italiani. Il Cinquecento, I, a cura di M.Motolese - P.Procaccioli - E.Russo, 2009 90) Bernardi, Marco Gli elenchi bibliografici di Angelo Colocci: la lista A e l'inventario primo (Arch. Bibl. 15, pt. A), In Miscellanea Bibliothecae Apostolicae Vaticanae XX (Studi e testi, 484), 2014 91) Fanelli, Vittorio Angelo Colocci e Cecco d'Ascoli, In Rinascimento. Rivista dell’Istituto di studi sul Rinascimento 1968 92) Gerstinger, Hans, Die briefe des Johannes Sambucus (Zsamboky) 1554-1584, In Sitzungsberichte der österreichischen Akademie der Wissenschaften. Philosophisch-historische Klasse 1968 93) Sicherl, Martin, 1914-2009 Musurus-Handschriften, In Serta Turyniana (Studies in Greek Literature and Palaeograp",3.0,unreviewed,,,
