shelfmark,term,signal_weight,section,snippet,detail_url,viewer_url,score
Cappon.107.pt.1,Machiavelli autografo,10.0,Bibliographic References:,"Low Quality Bibliographic References: 1) Marchand, Jean-Jacques L' autografo del «Consulto per l'elezione del capitano delle fanterie» di Niccolò Machiavelli , In Bibliofilia. Rivista di storia del libro e di bibliografia",https://digi.vatlib.it/mss/detail/Cappon.107.pt.1,https://digi.vatlib.it/view/MSS_Cappon.107.pt.1,5.5
Cappon.107.pt.2,Machiavelli autografo,10.0,Bibliographic References:,"Bibliographic References: 1) Marchand, Jean-Jacques L' autografo del «Consulto per l'elezione del capitano delle fanterie» di Niccolò Machiavelli , In Bibliofilia. Rivista di storia del libro e di bibliografia",https://digi.vatlib.it/mss/detail/Cappon.107.pt.2,https://digi.vatlib.it/view/MSS_Cappon.107.pt.2,5.5
Urb.lat.1516-1520,Machiavelli autografo,10.0,General Data,"1) Urb.lat.1516, ff. 1r-8v: Gaudenzi, Paganino, 1595-1649 De religione et virtute ex animo colenda. Oratio contra Machiavellum eiusque discipulum [Kaspar Schoppe?].",https://digi.vatlib.it/mss/detail/Urb.lat.1516-1520,https://digi.vatlib.it/view/MSS_Urb.lat.1516-1520,11.5
Chig.L.V.176,Dante autografo,10.0,General Data,1) Miscellanea di testi dante schi e petrarcheschi: il canone autografo di Giovanni Boccaccio. sec. XIV med.,https://digi.vatlib.it/mss/detail/Chig.L.V.176,https://digi.vatlib.it/view/MSS_Chig.L.V.176,11.5
Urb.lat.1585,Dante autografo,10.0,General Data,"Low Quality 1) 82r-86v, 136r-139v, 181r-185v: Gaudenzi, Paganino, 1595-1649 Poesie, osservazioni e dissertazioni varie su Dante Alighieri; riduzione a versi sciolti di alcuni canti dell'Inferno e del Paradiso della Divina Commedia.",https://digi.vatlib.it/mss/detail/Urb.lat.1585,https://digi.vatlib.it/view/MSS_Urb.lat.1585,10.0
Urb.lat.1618,Dante autografo,10.0,General Data,"1) 41r-42v, 45r, 170r-171v: Gaudenzi, Paganino, 1595-1649 Poesie, osservazioni e dissertazioni varie su Dante Alighieri; riduzione a versi sciolti di alcuni canti dell'Inferno e del Paradiso della Divina Commedia.",https://digi.vatlib.it/mss/detail/Urb.lat.1618,https://digi.vatlib.it/view/MSS_Urb.lat.1618,10.0
Arch.Cap.S.Pietro.H.2,Dante inedito,10.0,Bibliographic References:,"Bibliographic References: 1) Balboni, Dante , sac., 1917-2004 La Cattedra lignea di S. Pietro in Vaticano. La «cattedra di S. Pietro» in un testo inedito di Giacomo Grimaldi, In Memorie della Pontificia Accademia Romana di Archeologia 1971",https://digi.vatlib.it/mss/detail/Arch.Cap.S.Pietro.H.2,https://digi.vatlib.it/view/MSS_Arch.Cap.S.Pietro.H.2,5.5
Vat.lat.3536,Dante inedito,10.0,Bibliographic References:,"Bibliographic References: 1) Balboni, Dante , sac., 1917-2004 La Cattedra lignea di S. Pietro in Vaticano. La «cattedra di S. Pietro» in un testo inedito di Giacomo Grimaldi, In Memorie della Pontificia Accademia Romana di Archeologia 1971",https://digi.vatlib.it/mss/detail/Vat.lat.3536,https://digi.vatlib.it/view/MSS_Vat.lat.3536,5.5
Vat.lat.5747,Dante inedito,10.0,Bibliographic References:,"Bibliographic References: 1) Balboni, Dante , sac., 1917-2004 La Cattedra lignea di S. Pietro in Vaticano. La «cattedra di S. Pietro» in un testo inedito di Giacomo Grimaldi, In Memorie della Pontificia Accademia Romana di Archeologia 1971",https://digi.vatlib.it/mss/detail/Vat.lat.5747,https://digi.vatlib.it/view/MSS_Vat.lat.5747,5.5
Chig.L.V.176,Petrarca autografo,10.0,General Data,1) Miscellanea di testi danteschi e petrarcheschi: il canone autografo di Giovanni Boccaccio. sec. XIV med.,https://digi.vatlib.it/mss/detail/Chig.L.V.176,https://digi.vatlib.it/view/MSS_Chig.L.V.176,11.5
Urb.lat.1618,Petrarca autografo,10.0,General Data,"1) 172r-174r: Gaudenzi, Paganino, 1595-1649 Alcuni passi del Petrarca considerati.",https://digi.vatlib.it/mss/detail/Urb.lat.1618,https://digi.vatlib.it/view/MSS_Urb.lat.1618,11.5
Vat.lat.3196,Petrarca autografo,10.0,General Data,"1) Francesco Petrarca , Rerum vulgarium fragmenta. sec. XIV med. 2) 1r-20v: Petrarca , Francesco, 1304-1374 Rerum vulgarium fragmenta.",https://digi.vatlib.it/mss/detail/Vat.lat.3196,https://digi.vatlib.it/view/MSS_Vat.lat.3196,11.5
Ott.lat.1554,Petrarca inedito,10.0,Bibliographic References:,"Low Quality Bibliographic References: 1) Villar, Milagros El texto inédito de una epístola de Petrarca dirigida a Philippe de Cabassole, In Petrarca , Verona e l’Europa, Atti del Convegno internazionale di studi (Verona, 19-23 sett. 1991), 1997",https://digi.vatlib.it/mss/detail/Ott.lat.1554,https://digi.vatlib.it/view/MSS_Ott.lat.1554,5.5
Pal.lat.1730,Petrarca inedito,10.0,Bibliographic References:,"Bibliographic References: 1) Villar, Milagros El texto inédito de una epístola de Petrarca dirigida a Philippe de Cabassole, In Petrarca , Verona e l’Europa, Atti del Convegno internazionale di studi (Verona, 19-23 sett. 1991), 1997",https://digi.vatlib.it/mss/detail/Pal.lat.1730,https://digi.vatlib.it/view/MSS_Pal.lat.1730,5.5
Urb.lat.1030,Petrarca inedito,10.0,Bibliographic References:,"Bibliographic References: 1) Bologna, Corrado Giulio Camillo, il canzoniere provenzale N2 e un inedito commento al Petrarca , In Cultura neolatina 1987 2) Bologna, Corrado Giulio Camillo, il canzoniere provenzale N2 e un inedito commento al Petrarca , In Miscellanea di studi in onore di Aurelio Roncaglia a cinquant'anni dalla sua laurea, I, 1989",https://digi.vatlib.it/mss/detail/Urb.lat.1030,https://digi.vatlib.it/view/MSS_Urb.lat.1030,5.5
Vat.lat.3195,Petrarca inedito,10.0,Bibliographic References:,"Bibliographic References: 1) Bologna, Corrado Giulio Camillo, il canzoniere provenzale N2 e un inedito commento al Petrarca , In Cultura neolatina 1987",https://digi.vatlib.it/mss/detail/Vat.lat.3195,https://digi.vatlib.it/view/MSS_Vat.lat.3195,7.0
Vat.lat.3197,Petrarca inedito,10.0,Bibliographic References:,"Bibliographic References: 1) Bologna, Corrado Giulio Camillo, il canzoniere provenzale N2 e un inedito commento al Petrarca , In Cultura neolatina 1987 2) Bologna, Corrado Giulio Camillo, il canzoniere provenzale N2 e un inedito commento al Petrarca , In Miscellanea di studi in onore di Aurelio Roncaglia a cinquant'anni dalla sua laurea, I, 1989",https://digi.vatlib.it/mss/detail/Vat.lat.3197,https://digi.vatlib.it/view/MSS_Vat.lat.3197,5.5
Vat.lat.3210,Petrarca inedito,10.0,Bibliographic References:,"Bibliographic References: 1) Bologna, Corrado Giulio Camillo, il canzoniere provenzale N2 e un inedito commento al Petrarca , In Cultura neolatina 1987 2) Bologna, Corrado Giulio Camillo, il canzoniere provenzale N2 e un inedito commento al Petrarca , In Miscellanea di studi in onore di Aurelio Roncaglia a cinquant'anni dalla sua laurea, I, 1989",https://digi.vatlib.it/mss/detail/Vat.lat.3210,https://digi.vatlib.it/view/MSS_Vat.lat.3210,5.5
Vat.lat.3214,Petrarca inedito,10.0,Bibliographic References:,"Bibliographic References: 1) Bologna, Corrado Giulio Camillo, il canzoniere provenzale N2 e un inedito commento al Petrarca , In Cultura neolatina 1987 2) Bologna, Corrado Giulio Camillo, il canzoniere provenzale N2 e un inedito commento al Petrarca , In Miscellanea di studi in onore di Aurelio Roncaglia a cinquant'anni dalla sua laurea, I, 1989",https://digi.vatlib.it/mss/detail/Vat.lat.3214,https://digi.vatlib.it/view/MSS_Vat.lat.3214,5.5
Vat.lat.3217,Petrarca inedito,10.0,Bibliographic References:,"Bibliographic References: 1) Bologna, Corrado Giulio Camillo, il canzoniere provenzale N2 e un inedito commento al Petrarca , In Cultura neolatina 1987 2) Bologna, Corrado Giulio Camillo, il canzoniere provenzale N2 e un inedito commento al Petrarca , In Miscellanea di studi in onore di Aurelio Roncaglia a cinquant'anni dalla sua laurea, I, 1989",https://digi.vatlib.it/mss/detail/Vat.lat.3217,https://digi.vatlib.it/view/MSS_Vat.lat.3217,5.5
Vat.lat.4104,Petrarca inedito,10.0,Bibliographic References:,"Bibliographic References: 1) Bologna, Corrado Giulio Camillo, il canzoniere provenzale N2 e un inedito commento al Petrarca , In Cultura neolatina 1987 2) Bologna, Corrado Giulio Camillo, il canzoniere provenzale N2 e un inedito commento al Petrarca , In Miscellanea di studi in onore di Aurelio Roncaglia a cinquant'anni dalla sua laurea, I, 1989",https://digi.vatlib.it/mss/detail/Vat.lat.4104,https://digi.vatlib.it/view/MSS_Vat.lat.4104,5.5
Vat.lat.4820,Petrarca inedito,10.0,Bibliographic References:,"Bibliographic References: 1) Bologna, Corrado Giulio Camillo, il canzoniere provenzale N2 e un inedito commento al Petrarca , In Cultura neolatina 1987 2) Bologna, Corrado Giulio Camillo, il canzoniere provenzale N2 e un inedito commento al Petrarca , In Miscellanea di studi in onore di Aurelio Roncaglia a cinquant'anni dalla sua laurea, I, 1989",https://digi.vatlib.it/mss/detail/Vat.lat.4820,https://digi.vatlib.it/view/MSS_Vat.lat.4820,5.5
Vat.lat.5232,Petrarca inedito,10.0,Bibliographic References:,"Bibliographic References: 1) Bologna, Corrado Giulio Camillo, il canzoniere provenzale N2 e un inedito commento al Petrarca , In Cultura neolatina 1987 2) Bologna, Corrado Giulio Camillo, il canzoniere provenzale N2 e un inedito commento al Petrarca , In Miscellanea di studi in onore di Aurelio Roncaglia a cinquant'anni dalla sua laurea, I, 1989",https://digi.vatlib.it/mss/detail/Vat.lat.5232,https://digi.vatlib.it/view/MSS_Vat.lat.5232,5.5
Vat.lat.1670,Pio II inedita,9.0,General Data,"1) 10r-12r: Pandoni, Giannantonio, detto il Porcellio, c. 1405-c. 1485 Divo Pio II pont. max. de illustribus poetis oratoribus sui temporis.",https://digi.vatlib.it/mss/detail/Vat.lat.1670,https://digi.vatlib.it/view/MSS_Vat.lat.1670,10.5
Vat.lat.12895,Pio II inedita,9.0,General Data,"1) 74r-74bv: Pellico, Silvio, 1789-1854 Lettera a Carlo Voigt.",https://digi.vatlib.it/mss/detail/Vat.lat.12895,https://digi.vatlib.it/view/MSS_Vat.lat.12895,10.5
Vat.lat.4105,Michelangelo autografo,10.0,General Data,"1) 312r: Tonti, Michelangelo , sec. XVI Lettera a Scipione Forteguerri.",https://digi.vatlib.it/mss/detail/Vat.lat.4105,https://digi.vatlib.it/view/MSS_Vat.lat.4105,11.5
Urb.lat.1618,Erasmo autografo,9.0,General Data,"1) 224r-225v: Gaudenzi, Paganino, 1595-1649 De Erasmo [Roterdamo?] et Josepho Scaligero et de viris doctis et eruditis inter Catholicos",https://digi.vatlib.it/mss/detail/Urb.lat.1618,https://digi.vatlib.it/view/MSS_Urb.lat.1618,10.5
Vat.lat.1670,Napoleone autografo,9.0,General Data,"1) 1r-84r: Pandoni, Giannantonio, detto il Porcellio, c. 1405-c. 1485 Ad divum Pium [II], pont. max., de rebus a se gestis et ab aliis suo tempore, lib. I-VIII.",https://digi.vatlib.it/mss/detail/Vat.lat.1670,https://digi.vatlib.it/view/MSS_Vat.lat.1670,10.5
Ferr.827,frammento sconosciuto,10.0,Bibliographic References:,"Low Quality Bibliographic References: 1) Faini, Marco Un frammento manoscritto delle Rime di Sannazaro e un esemplare sconosciuto della prima ristampa dell’Arcadia, In Bibliofilia. Rivista di storia del libro e di bibliografia 2009",https://digi.vatlib.it/mss/detail/Ferr.827,https://digi.vatlib.it/view/MSS_Ferr.827,5.5
Ott.lat.2151,frammento sconosciuto,10.0,Bibliographic References:,"Bibliographic References: 1) Cursi, Marco, 1966- Boccaccio alla Sapienza: un frammento sconosciuto del ‘Filocolo’ (e alcune novità intorno ad Andrea Lancia), In Critica del testo 2007",https://digi.vatlib.it/mss/detail/Ott.lat.2151,https://digi.vatlib.it/view/MSS_Ott.lat.2151,5.5
Ross.936,frammento sconosciuto,10.0,Bibliographic References:,"Bibliographic References: 1) Cursi, Marco, 1966- Boccaccio alla Sapienza: un frammento sconosciuto del ‘Filocolo’ (e alcune novità intorno ad Andrea Lancia), In Critica del testo 2007",https://digi.vatlib.it/mss/detail/Ross.936,https://digi.vatlib.it/view/MSS_Ross.936,5.5
Vat.lat.4813,frammento sconosciuto,10.0,Bibliographic References:,"Bibliographic References: 1) Cursi, Marco, 1966- Boccaccio alla Sapienza: un frammento sconosciuto del ‘Filocolo’ (e alcune novità intorno ad Andrea Lancia), In Critica del testo 2007",https://digi.vatlib.it/mss/detail/Vat.lat.4813,https://digi.vatlib.it/view/MSS_Vat.lat.4813,5.5
Urb.lat.326,opera perduta,10.0,General Data,"1) Giovanni Antonio Campano, Vita et res gestae Braccii Fortebraccii. sec. XV ex",https://digi.vatlib.it/mss/detail/Urb.lat.326,https://digi.vatlib.it/view/MSS_Urb.lat.326,11.5
Urb.lat.899,opera perduta,10.0,General Data,1) Ordine delle nozze dello illustrissimo messer Costanzo Sforza e Camilla d’Aragona. sec. XV ex,https://digi.vatlib.it/mss/detail/Urb.lat.899,https://digi.vatlib.it/view/MSS_Urb.lat.899,11.5
Vat.lat.4927,opera perduta,10.0,General Data,1) Materia seu Declaratio processus electionis. sec. XIV-XV,https://digi.vatlib.it/mss/detail/Vat.lat.4927,https://digi.vatlib.it/view/MSS_Vat.lat.4927,11.5
Arch.Cap.S.Pietro.I.14,testo mutilo,8.0,General Data,"1) 1r-125v: Romualdus Salernitanus, m. 1181 Chronicon",https://digi.vatlib.it/mss/detail/Arch.Cap.S.Pietro.I.14,https://digi.vatlib.it/view/MSS_Arch.Cap.S.Pietro.I.14,9.5
Barb.lat.31,testo mutilo,8.0,General Data,"1) 1r-101v: Cicero, Marcus Tullius, 106-43 a.C. De officiis.",https://digi.vatlib.it/mss/detail/Barb.lat.31,https://digi.vatlib.it/view/MSS_Barb.lat.31,9.5
Barb.lat.142,testo mutilo,8.0,General Data,"1) 124r-162r: Cicero, Marcus Tullius, 106-43 a.C. Pro Cluentio Habito oratio. 2) 265r-284r: Cicero, Marcus Tullius, 106-43 a.C. Pro Caelio oratio.",https://digi.vatlib.it/mss/detail/Barb.lat.142,https://digi.vatlib.it/view/MSS_Barb.lat.142,9.5
Barb.lat.415,testo mutilo,8.0,General Data,1) 368vB: Fragmentum Canon Missae.,https://digi.vatlib.it/mss/detail/Barb.lat.415,https://digi.vatlib.it/view/MSS_Barb.lat.415,9.5
Barb.lat.575,testo mutilo,8.0,General Data,"1) 1rB: Excerptum in Matthaeum 1,13. 2) 170r: De custodia linguae",https://digi.vatlib.it/mss/detail/Barb.lat.575,https://digi.vatlib.it/view/MSS_Barb.lat.575,9.5
Barb.lat.4231,testo mutilo,8.0,General Data,"Low Quality 1) 146r-149v: Bencini, Pietro Paolo, 1670-1755 2) 184r-186v: Gasparini, Francesco, 1661-1727 Taican, re della Cina.",https://digi.vatlib.it/mss/detail/Barb.lat.4231,https://digi.vatlib.it/view/MSS_Barb.lat.4231,9.5
Barb.lat.4702,testo mutilo,8.0,General Data,Low Quality 1) 62r-63r: Del diritto di esclusione nell'elezione del Sommo Pontefice. 2) 156r: Lettera di incerto ad incerto sul conclave da cui uscì eletto Alessandro VII.,https://digi.vatlib.it/mss/detail/Barb.lat.4702,https://digi.vatlib.it/view/MSS_Barb.lat.4702,9.5
Barb.lat.5333,testo mutilo,8.0,General Data,"Low Quality 1) 52r-54r: Carafa, Giovanni, duca di Paliano, m. 1561 Memoriale delle cose che si domandano per parte di Sua Santità [Paolo IV] nelle lettere et istruzioni",https://digi.vatlib.it/mss/detail/Barb.lat.5333,https://digi.vatlib.it/view/MSS_Barb.lat.5333,9.5
Barb.lat.5351,testo mutilo,8.0,General Data,Low Quality 1) 108r-112v: Replica alla risposta ch'il Re di Francia [Luigi XIII] ha fatta a 30 di Marzo 1628 alla Lettera di S.M.C. [Ferdinando II] scrittagli a 15 di Gennaro del med(esi)mo Anno,https://digi.vatlib.it/mss/detail/Barb.lat.5351,https://digi.vatlib.it/view/MSS_Barb.lat.5351,8.0
Barb.lat.5370,testo mutilo,8.0,General Data,"1) 231r: Notizia sulle missioni cattoliche in Amburgo, Scozia, Friedrichstadt e Danimarca. 2) 265r-266v: Notizie di Milano, 23 maggio 1632.",https://digi.vatlib.it/mss/detail/Barb.lat.5370,https://digi.vatlib.it/view/MSS_Barb.lat.5370,9.5
Barb.or.153.pt.A,testo mutilo,8.0,General Data,"1) Glossario di caratteri cinesi tratto dalla Guia do pecador; Marcos Jorge, De Doctrina Christaã. sec. XVII",https://digi.vatlib.it/mss/detail/Barb.or.153.pt.A,https://digi.vatlib.it/view/MSS_Barb.or.153.pt.A,9.5
Capp.Sist.682,testo mutilo,8.0,General Data,1) 28r-35r: Regole per il Puntatore.,https://digi.vatlib.it/mss/detail/Capp.Sist.682,https://digi.vatlib.it/view/MSS_Capp.Sist.682,9.5
Cappon.2,testo mutilo,8.0,General Data,"1) 1r-9r: Cicero, Marcus Tullius, 106-43 a.C. Oratio pro lege Manilia vel vulgo Pompeiana dicitur",https://digi.vatlib.it/mss/detail/Cappon.2,https://digi.vatlib.it/view/MSS_Cappon.2,9.5
Chig.C.IV.112,testo mutilo,8.0,General Data,"1) 14r-20v: Oratio ad Mariam Virginem, Pericopae Evangelii secundum Iohannem.",https://digi.vatlib.it/mss/detail/Chig.C.IV.112,https://digi.vatlib.it/view/MSS_Chig.C.IV.112,9.5
Chig.L.V.176,testo mutilo,8.0,General Data,1) Miscellanea di testi danteschi e petrarcheschi: il canone autografo di Giovanni Boccaccio. sec. XIV med.,https://digi.vatlib.it/mss/detail/Chig.L.V.176,https://digi.vatlib.it/view/MSS_Chig.L.V.176,9.5
Chig.Q.IV.36,testo mutilo,8.0,General Data,"1) 3r-4r: Bani, Cosimo, n. c. 1650",https://digi.vatlib.it/mss/detail/Chig.Q.IV.36,https://digi.vatlib.it/view/MSS_Chig.Q.IV.36,9.5
Chig.Q.IV.37,testo mutilo,8.0,General Data,"1) 21r-24r: Gasparini, Francesco, 1661-1727",https://digi.vatlib.it/mss/detail/Chig.Q.IV.37,https://digi.vatlib.it/view/MSS_Chig.Q.IV.37,9.5
Chig.Q.IV.38,testo mutilo,8.0,General Data,"1) 27r-34r: Masini, Antonio, m. 1678 2) 93r-96r: Pasquini, Bernardo, 1637-1710",https://digi.vatlib.it/mss/detail/Chig.Q.IV.38,https://digi.vatlib.it/view/MSS_Chig.Q.IV.38,9.5
Chig.Q.IV.39,testo mutilo,8.0,General Data,"1) 15r-18r: Perti, Giacomo Antonio, 1661-1756 2) 81r-84r: Perti, Giacomo Antonio, 1661-1756",https://digi.vatlib.it/mss/detail/Chig.Q.IV.39,https://digi.vatlib.it/view/MSS_Chig.Q.IV.39,9.5
Chig.Q.IV.45,testo mutilo,8.0,General Data,"1) Arie, ariette, canti e madrigali di Alessandro Scarlatti. sec. XVII 2) 39r-42v: 3) 43r-44v:",https://digi.vatlib.it/mss/detail/Chig.Q.IV.45,https://digi.vatlib.it/view/MSS_Chig.Q.IV.45,9.5
Chig.Q.IV.49,testo mutilo,8.0,General Data,1) 17r-20r: 2) 21r-22r:,https://digi.vatlib.it/mss/detail/Chig.Q.IV.49,https://digi.vatlib.it/view/MSS_Chig.Q.IV.49,9.5
Chig.Q.VI.80,testo mutilo,8.0,General Data,Low Quality 1) 33v-34r:,https://digi.vatlib.it/mss/detail/Chig.Q.VI.80,https://digi.vatlib.it/view/MSS_Chig.Q.VI.80,9.5
Chig.Q.VIII.202,testo mutilo,8.0,General Data,"1) 588r: Rossini, Gioacchino, 1792-1868 Edoardo e Cristina.",https://digi.vatlib.it/mss/detail/Chig.Q.VIII.202,https://digi.vatlib.it/view/MSS_Chig.Q.VIII.202,9.5
Chig.R.VI.44,testo mutilo,8.0,General Data,1) 201r-244v: Evangelium secundum Iohannem.,https://digi.vatlib.it/mss/detail/Chig.R.VI.44,https://digi.vatlib.it/view/MSS_Chig.R.VI.44,9.5
Ott.lat.94,testo mutilo,8.0,General Data,"1) 193v-207v: Liber imperfectus, 36 homiliis constans, per anni circulum, a Dominica I Adventus, ad Dominicam 2 post Pascha.",https://digi.vatlib.it/mss/detail/Ott.lat.94,https://digi.vatlib.it/view/MSS_Ott.lat.94,9.5
Ott.lat.800,testo mutilo,8.0,General Data,"1) 253r-v: Paulus de Liazariis, m. 1356. Opere spurie e dubbie Quaestio Pauli [de Liazariis ?].",https://digi.vatlib.it/mss/detail/Ott.lat.800,https://digi.vatlib.it/view/MSS_Ott.lat.800,9.5
Ott.lat.1710,testo mutilo,8.0,General Data,"1) 115v-135r: Cicero, Marcus Tullius, 106-43 a.C. Pro Sestio oratio.",https://digi.vatlib.it/mss/detail/Ott.lat.1710,https://digi.vatlib.it/view/MSS_Ott.lat.1710,9.5
Ott.lat.2358,testo mutilo,8.0,General Data,"1) Dante Alighieri, Divina Commedia, con commento di Iacopo Della Lana. sec. XIV med.",https://digi.vatlib.it/mss/detail/Ott.lat.2358,https://digi.vatlib.it/view/MSS_Ott.lat.2358,9.5
Ott.lat.2849,testo mutilo,8.0,General Data,"1) 79v-80v: Petrarca, Francesco, 1304-1374 Epistula ad Iohannem de Columna, podagram familiarem esse divitibus. X Kal. Iulias.",https://digi.vatlib.it/mss/detail/Ott.lat.2849,https://digi.vatlib.it/view/MSS_Ott.lat.2849,9.5
Ott.lat.2885,testo mutilo,8.0,General Data,"1) 1r-55v: Iuvenalis, Decimus Iunius, sec. I-II Satirae lib. III-V",https://digi.vatlib.it/mss/detail/Ott.lat.2885,https://digi.vatlib.it/view/MSS_Ott.lat.2885,9.5
Pal.lat.430,testo mutilo,8.0,General Data,"1) 41r-42v: Augustinus, s., vesc. d'Ippona, 354-430 In Iohannis Evangelium tractatus 51 2) 125r-v: Augustinus, s., vesc. d'Ippona, 354-430 Sermo 93",https://digi.vatlib.it/mss/detail/Pal.lat.430,https://digi.vatlib.it/view/MSS_Pal.lat.430,9.5
Pal.lat.634,testo mutilo,8.0,General Data,1) 4r-221v: Papi (1227-1241 : Gregorius IX) Decretales Gregorii IX (lib. I-V) cum glossa ordinaria Bernardi Parmensis de Botone.,https://digi.vatlib.it/mss/detail/Pal.lat.634,https://digi.vatlib.it/view/MSS_Pal.lat.634,9.5
Pal.lat.638,testo mutilo,8.0,General Data,1) 2r-80v: Papi (1294-1303 : Bonifacius VIII) Decretales Bonifacii VIII.,https://digi.vatlib.it/mss/detail/Pal.lat.638,https://digi.vatlib.it/view/MSS_Pal.lat.638,9.5
Pal.lat.762,testo mutilo,8.0,General Data,"1) 225r-v: Accursius, Franciscus, padre, c. 1182-1263 Glossa ordinaria ad Codicem Iust[iniani] 6,11,2 - 6,20,1 a ver[bo] l. [Doceri potest] usque ad ver[bum] l. Non oportere",https://digi.vatlib.it/mss/detail/Pal.lat.762,https://digi.vatlib.it/view/MSS_Pal.lat.762,9.5
Pal.lat.888,testo mutilo,8.0,General Data,1) 50r: Fragmentum orationis cuiusdam in qua mentio fit de Marco Dandolo praetore et Laurentio Bragadino praeside.,https://digi.vatlib.it/mss/detail/Pal.lat.888,https://digi.vatlib.it/view/MSS_Pal.lat.888,9.5
Pal.lat.1464,testo mutilo,8.0,General Data,1) 168r: De nominibus patronymicis pauca.,https://digi.vatlib.it/mss/detail/Pal.lat.1464,https://digi.vatlib.it/view/MSS_Pal.lat.1464,9.5
Pal.lat.1465,testo mutilo,8.0,General Data,"1) 199r-200v: Cicero, Marcus Tullius, 106-43 a.C. Partitiones oratoriae.",https://digi.vatlib.it/mss/detail/Pal.lat.1465,https://digi.vatlib.it/view/MSS_Pal.lat.1465,9.5
Pal.lat.1476,testo mutilo,8.0,General Data,"1) 95r-101r: Cicero, Marcus Tullius, 106-43 a.C. Pro Caelio oratio.",https://digi.vatlib.it/mss/detail/Pal.lat.1476,https://digi.vatlib.it/view/MSS_Pal.lat.1476,9.5
Pal.lat.1477,testo mutilo,8.0,General Data,"1) 64r-84r: Cicero, Marcus Tullius, 106-43 a.C. Pro Cluentio Habito oratio. 2) 132r-133r: Cicero, Marcus Tullius, 106-43 a.C. Opere spurie e dubbie Oratio pridie quam in exilium iret.",https://digi.vatlib.it/mss/detail/Pal.lat.1477,https://digi.vatlib.it/view/MSS_Pal.lat.1477,8.0
Pal.lat.1478,testo mutilo,8.0,General Data,"1) 72v-79v: Cicero, Marcus Tullius, 106-43 a.C. Pro Caelio oratio.",https://digi.vatlib.it/mss/detail/Pal.lat.1478,https://digi.vatlib.it/view/MSS_Pal.lat.1478,9.5
Pal.lat.1480,testo mutilo,8.0,General Data,"1) 82r-94v: Cicero, Marcus Tullius, 106-43 a.C. Pro Caelio oratio.",https://digi.vatlib.it/mss/detail/Pal.lat.1480,https://digi.vatlib.it/view/MSS_Pal.lat.1480,9.5
Pal.lat.1481,testo mutilo,8.0,General Data,"1) IIr(1): Sententia condemnationis Tarvisii pronuntiata in Raymundum filium Petri de Ursis de Lonado (?), districtus Brixiae accusatum a Manfredo de contrada S. Pancratii percussisse et occidisse Picinum Bocardinum de Brixia. 2) 47r-60v: Cicero, Marcus Tullius, 106-43 a.C. Pro Cluentio Habito oratio. 3) 97r-109r: Cicero, Marcus Tullius, 106-43 a.C. Pro Caelio oratio.",https://digi.vatlib.it/mss/detail/Pal.lat.1481,https://digi.vatlib.it/view/MSS_Pal.lat.1481,8.0
Pal.lat.1482,testo mutilo,8.0,General Data,"1) 181r-191v: Cicero, Marcus Tullius, 106-43 a.C. Pro Caelio oratio.",https://digi.vatlib.it/mss/detail/Pal.lat.1482,https://digi.vatlib.it/view/MSS_Pal.lat.1482,9.5
Pal.lat.1485,testo mutilo,8.0,General Data,"1) 46v-50r: Cicero, Marcus Tullius, 106-43 a.C. Pro Cluentio Habito oratio.",https://digi.vatlib.it/mss/detail/Pal.lat.1485,https://digi.vatlib.it/view/MSS_Pal.lat.1485,9.5
Pal.lat.1488,testo mutilo,8.0,General Data,1) 107v(2): Sonetto incompleto di anonimo.,https://digi.vatlib.it/mss/detail/Pal.lat.1488,https://digi.vatlib.it/view/MSS_Pal.lat.1488,9.5
Pal.lat.1490,testo mutilo,8.0,General Data,"1) 102r-108v: Cicero, Marcus Tullius, 106-43 a.C. Pro Cornelio Sulla oratio.",https://digi.vatlib.it/mss/detail/Pal.lat.1490,https://digi.vatlib.it/view/MSS_Pal.lat.1490,9.5
Pal.lat.1493,testo mutilo,8.0,General Data,"1) 35r-41r: Cicero, Marcus Tullius, 106-43 a.C. Post reditum oratio I. <In senatu>",https://digi.vatlib.it/mss/detail/Pal.lat.1493,https://digi.vatlib.it/view/MSS_Pal.lat.1493,9.5
Pal.lat.1513,testo mutilo,8.0,General Data,"1) 1v-44r: Cicero, Marcus Tullius, 106-43 a.C. De finibus bonorum et malorum",https://digi.vatlib.it/mss/detail/Pal.lat.1513,https://digi.vatlib.it/view/MSS_Pal.lat.1513,9.5
Pal.lat.1517,testo mutilo,8.0,General Data,"1) 96r-195v: Cicero, Marcus Tullius, 106-43 a.C. Cato Maior de senectute.",https://digi.vatlib.it/mss/detail/Pal.lat.1517,https://digi.vatlib.it/view/MSS_Pal.lat.1517,9.5
Pal.lat.1521,testo mutilo,8.0,General Data,"1) 1r-34r: Cicero, Marcus Tullius, 106-43 a.C. De legibus.",https://digi.vatlib.it/mss/detail/Pal.lat.1521,https://digi.vatlib.it/view/MSS_Pal.lat.1521,9.5
Pal.lat.1525,testo mutilo,8.0,General Data,"1) 319v-323r: Cicero, Marcus Tullius, 106-43 a.C. Pro Cornelio Sulla oratio.",https://digi.vatlib.it/mss/detail/Pal.lat.1525,https://digi.vatlib.it/view/MSS_Pal.lat.1525,9.5
Pal.lat.1820,testo mutilo,8.0,General Data,"1) 68r-70v: Cicero, Marcus Tullius, 106-43 a.C. Pro rege Deiotaro oratio.",https://digi.vatlib.it/mss/detail/Pal.lat.1820,https://digi.vatlib.it/view/MSS_Pal.lat.1820,9.5
Reg.lat.262,testo mutilo,8.0,General Data,"1) 110r-115v: Anselmus, s., arciv. di Canterbury, 1033-1109 Sermo ad Cluniancenses de quattuordecim beatitudinibus.",https://digi.vatlib.it/mss/detail/Reg.lat.262,https://digi.vatlib.it/view/MSS_Reg.lat.262,9.5
Reg.lat.282,testo mutilo,8.0,General Data,"1) 13av-14v: Prosper Aquitanus, s., c. 390-463. Opere spurie e dubbie Poema coniugis ad uxorem (Prosper Aquitanus, s., c. 390-463. Opere spurie e dubbie)",https://digi.vatlib.it/mss/detail/Reg.lat.282,https://digi.vatlib.it/view/MSS_Reg.lat.282,9.5
Reg.lat.285,testo mutilo,8.0,General Data,"1) 24v-26v: Anselmus, s., arciv. di Canterbury, 1033-1109 Sermo ad Cluniancenses de quattuordecim beatitudinibus",https://digi.vatlib.it/mss/detail/Reg.lat.285,https://digi.vatlib.it/view/MSS_Reg.lat.285,9.5
Reg.lat.286,testo mutilo,8.0,General Data,"1) 71v-91v: Augustinus, s., vesc. d'Ippona, 354-430 Quaestiones Evangeliorum (Augustinus, s., vesc. d'Ippona, 354-430). 1-2",https://digi.vatlib.it/mss/detail/Reg.lat.286,https://digi.vatlib.it/view/MSS_Reg.lat.286,9.5
Reg.lat.318,testo mutilo,8.0,General Data,"1) 51v-79v: Augustinus, s., vesc. d'Ippona, 354-430 De nuptiis et concupiscentia (Augustinus, s., vesc. d'Ippona, 354-430)",https://digi.vatlib.it/mss/detail/Reg.lat.318,https://digi.vatlib.it/view/MSS_Reg.lat.318,9.5
Reg.lat.336,testo mutilo,8.0,General Data,1) 83rB(1): Quod ydolum nichil est,https://digi.vatlib.it/mss/detail/Reg.lat.336,https://digi.vatlib.it/view/MSS_Reg.lat.336,9.5
Reg.lat.337,testo mutilo,8.0,General Data,1) 245r-253v: Benedictiones episcopales,https://digi.vatlib.it/mss/detail/Reg.lat.337,https://digi.vatlib.it/view/MSS_Reg.lat.337,9.5
Reg.lat.423,testo mutilo,8.0,General Data,"1) 64v: Damianus, vesc. di Pavia, m. 708 Epistula ad Constantinum imperatorem (Damianus, vesc. di Pavia, m. 708)",https://digi.vatlib.it/mss/detail/Reg.lat.423,https://digi.vatlib.it/view/MSS_Reg.lat.423,9.5
Reg.lat.481,testo mutilo,8.0,General Data,"1) 55v: Anselmus Laudunensis, c. 1050-1117 Epistula ad Heribrandum abb. S. Laurentii Leodiensis.",https://digi.vatlib.it/mss/detail/Reg.lat.481,https://digi.vatlib.it/view/MSS_Reg.lat.481,9.5
Reg.lat.485,testo mutilo,8.0,General Data,1) 581rA-585vB: De prima mundi fabrica. Et primo de montibus orbem circonstantibus seu circundantibus,https://digi.vatlib.it/mss/detail/Reg.lat.485,https://digi.vatlib.it/view/MSS_Reg.lat.485,9.5
Reg.lat.618,testo mutilo,8.0,General Data,"1) 105r-144v: Adamnanus de Iona, s., c. 624-704 De locis sanctis lib. I-III, c. IV",https://digi.vatlib.it/mss/detail/Reg.lat.618,https://digi.vatlib.it/view/MSS_Reg.lat.618,9.5
Reg.lat.755,testo mutilo,8.0,General Data,"1) 88r-92v: Beda Venerabilis, s., 673-735 Incipit liber Bedae presbyteri De natura rerum",https://digi.vatlib.it/mss/detail/Reg.lat.755,https://digi.vatlib.it/view/MSS_Reg.lat.755,9.5
Reg.lat.778,testo mutilo,8.0,General Data,"1) 1r-72v: Bazoches, Gui de, sac., f. 1190-1203 Chronosgraphia",https://digi.vatlib.it/mss/detail/Reg.lat.778,https://digi.vatlib.it/view/MSS_Reg.lat.778,9.5
Reg.lat.832,testo mutilo,8.0,General Data,"1) Gaius Iulius Caesar, De bello Gallico. sec. XV",https://digi.vatlib.it/mss/detail/Reg.lat.832,https://digi.vatlib.it/view/MSS_Reg.lat.832,9.5
Reg.lat.932,testo mutilo,8.0,General Data,"1) 55r-116v: Martinus Oppaviensis, O.P., m. 1279 Chronicon pontificum et imperatorum (Martinus Oppaviensis, O.P., m. 1279)",https://digi.vatlib.it/mss/detail/Reg.lat.932,https://digi.vatlib.it/view/MSS_Reg.lat.932,9.5
Reg.lat.974,testo mutilo,8.0,General Data,1) 38v-187v: Benedictus Levita Capitularia (Benedictus Levita),https://digi.vatlib.it/mss/detail/Reg.lat.974,https://digi.vatlib.it/view/MSS_Reg.lat.974,9.5
Reg.lat.980,testo mutilo,8.0,General Data,"1) 11r-12v: Raccolta di testi agiografici 2) 14r-v: Regni divisio (a. 831) 3) 31v-34v: Concilium Suessionense (a. 853). Verbali 4) 35r-37v: Capitula Pistensia (a. 862) 5) 38v: Priscianus Caesariensis, sec. V-VI Iuliano p.c. ac patricio Priscianus Cesariensis grammaticus cum omnis eloquentiae doctrinam 6) 39vA-B: Incipiunt sermones sancti [...] de omnibus sanctis Dei",https://digi.vatlib.it/mss/detail/Reg.lat.980,https://digi.vatlib.it/view/MSS_Reg.lat.980,8.0
Reg.lat.983,testo mutilo,8.0,General Data,"1) 99r-101v: Iulianus Augustus, Flavius Claudius, imperatore romano, 332-362 Misopogon vel Antiochicus",https://digi.vatlib.it/mss/detail/Reg.lat.983,https://digi.vatlib.it/view/MSS_Reg.lat.983,9.5
Reg.lat.991,testo mutilo,8.0,General Data,1) 52r-66v: Incipit lex Alamannorum quae temporibus Hlodharii regis una cum principibus suis id sunt XXX tribus episcopis et XXXIIII ducibus et LXX duobus comitibus vel cetero populo constituta est,https://digi.vatlib.it/mss/detail/Reg.lat.991,https://digi.vatlib.it/view/MSS_Reg.lat.991,8.0
Reg.lat.1004,testo mutilo,8.0,General Data,"1) 45v-48v: De quatuor humoribus corporis humani. 2) 63v: Galenus, Claudius, 129-199 Epistula de febribus. 3) 99r-v: De passionibus. 4) 100r-107v: Plinius Secundus, Iunior, sec. IV De re medica.",https://digi.vatlib.it/mss/detail/Reg.lat.1004,https://digi.vatlib.it/view/MSS_Reg.lat.1004,8.0
Reg.lat.1025,testo mutilo,8.0,General Data,1) 209rB-211v: Passio sancti Piati martyris.,https://digi.vatlib.it/mss/detail/Reg.lat.1025,https://digi.vatlib.it/view/MSS_Reg.lat.1025,9.5
Reg.lat.1050,testo mutilo,8.0,General Data,"1) 134r-139v: Lex Alamannorum, cc.1-39. 2) 140r-147v: Lex Salica emendata, tit. I-XXXVIII.",https://digi.vatlib.it/mss/detail/Reg.lat.1050,https://digi.vatlib.it/view/MSS_Reg.lat.1050,9.5
Reg.lat.1061,testo mutilo,8.0,General Data,1) 1r-48v: Glossae in ius canonicum.,https://digi.vatlib.it/mss/detail/Reg.lat.1061,https://digi.vatlib.it/view/MSS_Reg.lat.1061,9.5
Reg.lat.1106,testo mutilo,8.0,General Data,"1) Bartholomaeus de Ripa Romea, De coloribus et virtutibis lapidum. sec. XIV",https://digi.vatlib.it/mss/detail/Reg.lat.1106,https://digi.vatlib.it/view/MSS_Reg.lat.1106,9.5
Reg.lat.1196,testo mutilo,8.0,General Data,"1) 11r-40v: Iohannes Affligemensis, f. 1100 Epistola Ioannis ad Fulgentium episcopum de musica.",https://digi.vatlib.it/mss/detail/Reg.lat.1196,https://digi.vatlib.it/view/MSS_Reg.lat.1196,9.5
Reg.lat.1207,testo mutilo,8.0,General Data,"1) 1r-104r: Hyginus Mythographus, c. sec. I Astronomicon.",https://digi.vatlib.it/mss/detail/Reg.lat.1207,https://digi.vatlib.it/view/MSS_Reg.lat.1207,9.5
Reg.lat.1405,testo mutilo,8.0,General Data,"1) Gilbertus Scholasticus et Monachus Floriacensis, Arithmetica; Somnium Scipionis; Cicero, Topica; Beda, De natura rerum et temporibus. sec. XI",https://digi.vatlib.it/mss/detail/Reg.lat.1405,https://digi.vatlib.it/view/MSS_Reg.lat.1405,9.5
Reg.lat.1504,testo mutilo,8.0,General Data,"1) 111v-122v: Cetius Faventinus, Marcus, sec. III-IV De diversis fabricis architectonicae",https://digi.vatlib.it/mss/detail/Reg.lat.1504,https://digi.vatlib.it/view/MSS_Reg.lat.1504,9.5
Reg.lat.1538,testo mutilo,8.0,General Data,"1) 1r-39v: Priscianus Caesariensis, sec. V-VI Prisciani liber XVII",https://digi.vatlib.it/mss/detail/Reg.lat.1538,https://digi.vatlib.it/view/MSS_Reg.lat.1538,9.5
Reg.lat.1546,testo mutilo,8.0,General Data,1) 63v-70v: Pseudo Pindari Theb. Iliados epitome,https://digi.vatlib.it/mss/detail/Reg.lat.1546,https://digi.vatlib.it/view/MSS_Reg.lat.1546,9.5
Reg.lat.1547,testo mutilo,8.0,General Data,1) 62ar-108v: Rhetorica ad Herennium,https://digi.vatlib.it/mss/detail/Reg.lat.1547,https://digi.vatlib.it/view/MSS_Reg.lat.1547,9.5
Reg.lat.1560,testo mutilo,8.0,General Data,"1) 1r-8v: Disticha [Catonis] 2) 137r-140v: Remigius Autissidorensis, O.S.B., c. 841-908 Commentarius in Catonis Disticha",https://digi.vatlib.it/mss/detail/Reg.lat.1560,https://digi.vatlib.it/view/MSS_Reg.lat.1560,9.5
Reg.lat.1586,testo mutilo,8.0,General Data,"1) 87r: Versus quidam de Dionysio Aeropagita, cum Commentariolo.",https://digi.vatlib.it/mss/detail/Reg.lat.1586,https://digi.vatlib.it/view/MSS_Reg.lat.1586,9.5
Reg.lat.1647,testo mutilo,8.0,General Data,"1) 1r-182v: Macrobius, Ambrosius Aurelius Theodosius, f. 400/430 Macrobii Theodosii liber primus incipit de Saturnalibus",https://digi.vatlib.it/mss/detail/Reg.lat.1647,https://digi.vatlib.it/view/MSS_Reg.lat.1647,9.5
Reg.lat.1750,testo mutilo,8.0,General Data,"1) 1r-74v: Iuvenalis, Decimus Iunius, sec. I-II Saturae (Iuvenalis, Decimus Iunius, sec. I-II)",https://digi.vatlib.it/mss/detail/Reg.lat.1750,https://digi.vatlib.it/view/MSS_Reg.lat.1750,9.5
Ross.66,testo mutilo,8.0,General Data,"1) 13r-21r: Officium Sanctae Crucis, Officium Spiritus Sancti.",https://digi.vatlib.it/mss/detail/Ross.66,https://digi.vatlib.it/view/MSS_Ross.66,9.5
Ross.593,testo mutilo,8.0,General Data,1) 285r-316v: Index alphabeticus in Distinctiones Henrici Bohici super Decretales,https://digi.vatlib.it/mss/detail/Ross.593,https://digi.vatlib.it/view/MSS_Ross.593,9.5
Ross.595,testo mutilo,8.0,General Data,1) 5r-12v: Summa Decreti Gratiani.,https://digi.vatlib.it/mss/detail/Ross.595,https://digi.vatlib.it/view/MSS_Ross.595,9.5
Urb.lat.65,testo mutilo,8.0,General Data,"1) 193r: Gelasius PP. I, s., m. 496 Epistula 4.",https://digi.vatlib.it/mss/detail/Urb.lat.65,https://digi.vatlib.it/view/MSS_Urb.lat.65,9.5
Urb.lat.68,testo mutilo,8.0,General Data,"1) 1r-292v: Augustinus, s., vesc. d'Ippona, 354-430 In Iohannis Evangelium tractatus I-CXXII",https://digi.vatlib.it/mss/detail/Urb.lat.68,https://digi.vatlib.it/view/MSS_Urb.lat.68,9.5
Urb.lat.69,testo mutilo,8.0,General Data,"1) 176v-208v: Prosper Aquitanus, s., c. 390-463. Opere spurie e dubbie De vocatione omnium gentium Libri I-II",https://digi.vatlib.it/mss/detail/Urb.lat.69,https://digi.vatlib.it/view/MSS_Urb.lat.69,9.5
Urb.lat.136,testo mutilo,8.0,General Data,"1) Ir-125v: Thomas Aquinas, s., c. 1225-1274 Questiones sancti Thomae de Aquino et primo de potentia Dei",https://digi.vatlib.it/mss/detail/Urb.lat.136,https://digi.vatlib.it/view/MSS_Urb.lat.136,9.5
Urb.lat.185,testo mutilo,8.0,General Data,"1) 181r-186v: Plato, 427-347 a.C. Ion Platonis liber de furore poetico a Marsilio translatus e greca lingua in latinam ad Laurentium Medicem virum clarissimum",https://digi.vatlib.it/mss/detail/Urb.lat.185,https://digi.vatlib.it/view/MSS_Urb.lat.185,9.5
Urb.lat.187,testo mutilo,8.0,General Data,"1) Avicenna, Liber de philosophia prima, sive scientia divina; De anima; De animalibus. sec. XV",https://digi.vatlib.it/mss/detail/Urb.lat.187,https://digi.vatlib.it/view/MSS_Urb.lat.187,9.5
Urb.lat.224,testo mutilo,8.0,General Data,"1) 241r-246r: Bracciolini, Poggio, 1380-1459 Ad Karolum Aretinum [Marsuppini] Laurentii Medicis laudatio",https://digi.vatlib.it/mss/detail/Urb.lat.224,https://digi.vatlib.it/view/MSS_Urb.lat.224,9.5
Urb.lat.337,testo mutilo,8.0,General Data,"1) 158v-159v: Valla, Lorenzo, 1406-1457 De falso credita et ementita Constantini donatione declamatio (Valla, Lorenzo, 1406-1457). Fragmenta",https://digi.vatlib.it/mss/detail/Urb.lat.337,https://digi.vatlib.it/view/MSS_Urb.lat.337,9.5
Urb.lat.489,testo mutilo,8.0,General Data,"1) 1r-94v: Urbani, Urbano, sec. XVI. Opere spurie e dubbie Memorie di Francesco Maria I Della Rovere, duca di Urbino, dell'anno 1509 fino all'assedio di Faenza.",https://digi.vatlib.it/mss/detail/Urb.lat.489,https://digi.vatlib.it/view/MSS_Urb.lat.489,9.5
Urb.lat.490,testo mutilo,8.0,General Data,"1) 56r-271r: Urbani, Urbano, sec. XVI Il Feltresco.",https://digi.vatlib.it/mss/detail/Urb.lat.490,https://digi.vatlib.it/view/MSS_Urb.lat.490,9.5
Barb.lat.4138,attribuzione dubbia,8.0,General Data,"1) 1r-4r: Bononcini, Giovanni, 1670-1747",https://digi.vatlib.it/mss/detail/Barb.lat.4138,https://digi.vatlib.it/view/MSS_Barb.lat.4138,9.5
Barb.lat.4139,attribuzione dubbia,8.0,General Data,"1) 113r-114v: Scarlatti, Alessandro, 1660-1725. Opere spurie e dubbie",https://digi.vatlib.it/mss/detail/Barb.lat.4139,https://digi.vatlib.it/view/MSS_Barb.lat.4139,9.5
Barb.lat.4175,attribuzione dubbia,8.0,General Data,"1) 81v-85r: Pasqualini, Marcantonio, 1614-1691. Opere spurie e dubbie",https://digi.vatlib.it/mss/detail/Barb.lat.4175,https://digi.vatlib.it/view/MSS_Barb.lat.4175,9.5
Barb.lat.4220,attribuzione dubbia,8.0,General Data,"1) 59r-60v: Pasqualini, Marcantonio, 1614-1691. Opere spurie e dubbie",https://digi.vatlib.it/mss/detail/Barb.lat.4220,https://digi.vatlib.it/view/MSS_Barb.lat.4220,9.5
Barb.lat.4374,attribuzione dubbia,8.0,General Data,"1) 79v-82r: Pasqualini, Marcantonio, 1614-1691. Opere spurie e dubbie",https://digi.vatlib.it/mss/detail/Barb.lat.4374,https://digi.vatlib.it/view/MSS_Barb.lat.4374,9.5
Capp.Giulia.XII.4,attribuzione dubbia,8.0,General Data,"1) 3v-6r: Sermisy, Claudin de, c. 1490-1562. Opere spurie e dubbie Aspice domine quia facta est",https://digi.vatlib.it/mss/detail/Capp.Giulia.XII.4,https://digi.vatlib.it/view/MSS_Capp.Giulia.XII.4,9.5
Reg.lat.768,attribuzione dubbia,8.0,General Data,"1) 36r-62r: Manetti, Giannozzo, 1396-1459 Iannotii Manetti Florentini praefatio in vita Dantis et Francisci Petrarche et Iohannis Bocacii Florentini feliciter incipit.",https://digi.vatlib.it/mss/detail/Reg.lat.768,https://digi.vatlib.it/view/MSS_Reg.lat.768,9.5
Reg.lat.1108,attribuzione dubbia,8.0,General Data,"1) 1v: Sonetto ""Sempre si dice ch'un"".",https://digi.vatlib.it/mss/detail/Reg.lat.1108,https://digi.vatlib.it/view/MSS_Reg.lat.1108,9.5
Vat.lat.565,attribuzione dubbia,8.0,General Data,"1) 1v(1): Salutati, Coluccio, 1331-1406 Opere spurie e dubbie De ratione puntandi secundum magistrum Iacobum Alpoleum de Urbesilia in forma epistole ad doctorem que<n>dam Sa<lu>tatum",https://digi.vatlib.it/mss/detail/Vat.lat.565,https://digi.vatlib.it/view/MSS_Vat.lat.565,8.0
Barb.lat.878,lettera inedita,8.0,Bibliographic References:,"Bibliographic References: 1) Mercati, Silvio Giuseppe, 1877-1963 Lettera inedita di Giovanni Argiropulo ad Andreolo Giustiniani, In Mélanges d'archéologie et d'histoire de l'École Française de Rome",https://digi.vatlib.it/mss/detail/Barb.lat.878,https://digi.vatlib.it/view/MSS_Barb.lat.878,4.4
Cappon.51,lettera inedita,8.0,General Data,"1) <Cicerone, De officiis traduzione in volgare> Sec. XV",https://digi.vatlib.it/mss/detail/Cappon.51,https://digi.vatlib.it/view/MSS_Cappon.51,9.5
Cappon.164,lettera inedita,8.0,Bibliographic References:,"Bibliographic References: 1) D'agostino, R. ""Cose di Garfignana"" e nozze medicee in una lunga lettera inedita di Alessandro Tassoni a Giuseppe Malatesta, In Filologia e critica 1981",https://digi.vatlib.it/mss/detail/Cappon.164,https://digi.vatlib.it/view/MSS_Cappon.164,4.4
Cappon.283.pt.1,lettera inedita,8.0,General Data,"1) 117r-118r: Bruni, Filippo, Sch.P. (d.S.P.) f. 1745-1763 < Lettera di Filippo Bruni con notizie su un manoscritto con un inedito di Cecco di Ascoli>",https://digi.vatlib.it/mss/detail/Cappon.283.pt.1,https://digi.vatlib.it/view/MSS_Cappon.283.pt.1,9.5
Chig.I.VI.205,lettera inedita,8.0,Bibliographic References:,"Bibliographic References: 1) Carloni, Rossella Le tombe degli Annibaldi in una lettera inedita del Seicento, In Arte medievale 1983",https://digi.vatlib.it/mss/detail/Chig.I.VI.205,https://digi.vatlib.it/view/MSS_Chig.I.VI.205,5.9
Ott.lat.1483,lettera inedita,8.0,Bibliographic References:,"Bibliographic References: 1) Michelini Tocci, Luigi, 1910-2000 Poggio Fiorentino e Federico di Montefeltro (con una lettera inedita di Iacopo di Poggio), In Miscellanea Augusto Campana II, 1981",https://digi.vatlib.it/mss/detail/Ott.lat.1483,https://digi.vatlib.it/view/MSS_Ott.lat.1483,4.4
Pal.lat.1631,lettera inedita,8.0,Bibliographic References:,"Bibliographic References: 1) Vian, Paolo, 1957- Per la storia del Virgilio Romano. Una lettera inedita di Angelo Battaglini a Marino Marini (gennaio 1816), In Miscellanea Bibliothecae Apostolicae Vaticanae XX, 2014.",https://digi.vatlib.it/mss/detail/Pal.lat.1631,https://digi.vatlib.it/view/MSS_Pal.lat.1631,4.4
Reg.lat.964,lettera inedita,8.0,Bibliographic References:,"Bibliographic References: 1) Vian, Paolo, 1957- Per la storia del Virgilio Romano. Una lettera inedita di Angelo Battaglini a Marino Marini (gennaio 1816), In Miscellanea Bibliothecae Apostolicae Vaticanae XX (Studi e testi, 484), 2014",https://digi.vatlib.it/mss/detail/Reg.lat.964,https://digi.vatlib.it/view/MSS_Reg.lat.964,4.4
Reg.lat.1527,lettera inedita,8.0,Bibliographic References:,"Bibliographic References: 1) Monti Sabia, Liliana Una lettera inedita di Giovanni Pontano, In Italia medioevale e umanistica 1986",https://digi.vatlib.it/mss/detail/Reg.lat.1527,https://digi.vatlib.it/view/MSS_Reg.lat.1527,5.9
Reg.lat.1555,lettera inedita,8.0,Bibliographic References:,"Bibliographic References: 1) Zaccaria, Vittorio Niccolò Leonardi, i suoi corrispondenti e una lettera inedita di Pier Paolo Vergerio, In Accademia Patavina di Scienze, lettere ed arti. Atti e memorie 1983",https://digi.vatlib.it/mss/detail/Reg.lat.1555,https://digi.vatlib.it/view/MSS_Reg.lat.1555,4.4
Reg.lat.1964,lettera inedita,8.0,Bibliographic References:,"Bibliographic References: 1) Vian, Paolo, 1957- Per la storia del Virgilio Romano. Una lettera inedita di Angelo Battaglini a Marino Marini (gennaio 1816), In Miscellanea Bibliothecae Apostolicae Vaticanae XX, 2014.",https://digi.vatlib.it/mss/detail/Reg.lat.1964,https://digi.vatlib.it/view/MSS_Reg.lat.1964,4.4
Urb.lat.18,lettera inedita,8.0,Bibliographic References:,"Bibliographic References: 1) Michelini Tocci, Luigi, 1910-2000 Poggio Fiorentino e Federico di Montefeltro (con una lettera inedita di Iacopo di Poggio), In Miscellanea Augusto Campana II, 1981",https://digi.vatlib.it/mss/detail/Urb.lat.18,https://digi.vatlib.it/view/MSS_Urb.lat.18,4.4
Urb.lat.224,lettera inedita,8.0,Bibliographic References:,"Bibliographic References: 1) Michelini Tocci, Luigi, 1910-2000 Poggio Fiorentino e Federico di Montefeltro (con una lettera inedita di Iacopo di Poggio), In Miscellanea Augusto Campana II, 1981",https://digi.vatlib.it/mss/detail/Urb.lat.224,https://digi.vatlib.it/view/MSS_Urb.lat.224,4.4
Urb.lat.263,lettera inedita,8.0,Bibliographic References:,"Bibliographic References: 1) Michelini Tocci, Luigi, 1910-2000 Poggio Fiorentino e Federico di Montefeltro (con una lettera inedita di Iacopo di Poggio), In Miscellanea Augusto Campana II, 1981",https://digi.vatlib.it/mss/detail/Urb.lat.263,https://digi.vatlib.it/view/MSS_Urb.lat.263,4.4
Urb.lat.309,lettera inedita,8.0,Bibliographic References:,"Bibliographic References: 1) Michelini Tocci, Luigi, 1910-2000 Poggio Fiorentino e Federico di Montefeltro (con una lettera inedita di Iacopo di Poggio), In Miscellanea Augusto Campana II, 1981",https://digi.vatlib.it/mss/detail/Urb.lat.309,https://digi.vatlib.it/view/MSS_Urb.lat.309,4.4
Urb.lat.325,lettera inedita,8.0,General Data,"1) 168v, 247v-248r: Campano, Giovanni Antonio, vesc. di Teramo, 1429-1477 Campani [Iohannis Antonii epistulae (2)] Andreae Lucentino [an Andreas Graccus Lucanus?]",https://digi.vatlib.it/mss/detail/Urb.lat.325,https://digi.vatlib.it/view/MSS_Urb.lat.325,9.5
Urb.lat.431,lettera inedita,8.0,Bibliographic References:,"Bibliographic References: 1) Michelini Tocci, Luigi, 1910-2000 Poggio Fiorentino e Federico di Montefeltro (con una lettera inedita di Iacopo di Poggio), In Miscellanea Augusto Campana II, 1981",https://digi.vatlib.it/mss/detail/Urb.lat.431,https://digi.vatlib.it/view/MSS_Urb.lat.431,4.4
Urb.lat.441,lettera inedita,8.0,Bibliographic References:,"Bibliographic References: 1) Michelini Tocci, Luigi, 1910-2000 Poggio Fiorentino e Federico di Montefeltro (con una lettera inedita di Iacopo di Poggio), In Miscellanea Augusto Campana II, 1981",https://digi.vatlib.it/mss/detail/Urb.lat.441,https://digi.vatlib.it/view/MSS_Urb.lat.441,4.4
Urb.lat.491,lettera inedita,8.0,Bibliographic References:,"Bibliographic References: 1) Michelini Tocci, Luigi, 1910-2000 Poggio Fiorentino e Federico di Montefeltro (con una lettera inedita di Iacopo di Poggio), In Miscellanea Augusto Campana II, 1981",https://digi.vatlib.it/mss/detail/Urb.lat.491,https://digi.vatlib.it/view/MSS_Urb.lat.491,4.4
Urb.lat.699,lettera inedita,8.0,Bibliographic References:,"Bibliographic References: 1) Michelini Tocci, Luigi, 1910-2000 Poggio Fiorentino e Federico di Montefeltro (con una lettera inedita di Iacopo di Poggio), In Miscellanea Augusto Campana II, 1981",https://digi.vatlib.it/mss/detail/Urb.lat.699,https://digi.vatlib.it/view/MSS_Urb.lat.699,4.4
Urb.lat.916,lettera inedita,8.0,Bibliographic References:,"Bibliographic References: 1) Michelini Tocci, Luigi, 1910-2000 Poggio Fiorentino e Federico di Montefeltro (con una lettera inedita di Iacopo di Poggio), In Miscellanea Augusto Campana II, 1981",https://digi.vatlib.it/mss/detail/Urb.lat.916,https://digi.vatlib.it/view/MSS_Urb.lat.916,4.4
Urb.lat.1139,lettera inedita,8.0,Bibliographic References:,"Bibliographic References: 1) Michelini Tocci, Luigi, 1910-2000 Poggio Fiorentino e Federico di Montefeltro (con una lettera inedita di Iacopo di Poggio), In Miscellanea Augusto Campana II, 1981",https://digi.vatlib.it/mss/detail/Urb.lat.1139,https://digi.vatlib.it/view/MSS_Urb.lat.1139,4.4
Urb.lat.1157,lettera inedita,8.0,Bibliographic References:,"Bibliographic References: 1) Michelini Tocci, Luigi, 1910-2000 Poggio Fiorentino e Federico di Montefeltro (con una lettera inedita di Iacopo di Poggio), In Miscellanea Augusto Campana II, 1981",https://digi.vatlib.it/mss/detail/Urb.lat.1157,https://digi.vatlib.it/view/MSS_Urb.lat.1157,4.4
Urb.lat.1198,lettera inedita,8.0,Bibliographic References:,"Bibliographic References: 1) Michelini Tocci, Luigi, 1910-2000 Poggio Fiorentino e Federico di Montefeltro (con una lettera inedita di Iacopo di Poggio), In Miscellanea Augusto Campana II, 1981",https://digi.vatlib.it/mss/detail/Urb.lat.1198,https://digi.vatlib.it/view/MSS_Urb.lat.1198,4.4
Urb.lat.1328,lettera inedita,8.0,Bibliographic References:,"Bibliographic References: 1) Michelini Tocci, Luigi, 1910-2000 Poggio Fiorentino e Federico di Montefeltro (con una lettera inedita di Iacopo di Poggio), In Miscellanea Augusto Campana II, 1981",https://digi.vatlib.it/mss/detail/Urb.lat.1328,https://digi.vatlib.it/view/MSS_Urb.lat.1328,4.4
Urb.lat.1355,lettera inedita,8.0,Bibliographic References:,"Bibliographic References: 1) Michelini Tocci, Luigi, 1910-2000 Poggio Fiorentino e Federico di Montefeltro (con una lettera inedita di Iacopo di Poggio), In Miscellanea Augusto Campana II, 1981",https://digi.vatlib.it/mss/detail/Urb.lat.1355,https://digi.vatlib.it/view/MSS_Urb.lat.1355,4.4
Urb.lat.1356,lettera inedita,8.0,Bibliographic References:,"Bibliographic References: 1) Michelini Tocci, Luigi, 1910-2000 Poggio Fiorentino e Federico di Montefeltro (con una lettera inedita di Iacopo di Poggio), In Miscellanea Augusto Campana II, 1981",https://digi.vatlib.it/mss/detail/Urb.lat.1356,https://digi.vatlib.it/view/MSS_Urb.lat.1356,4.4
Vat.gr.1,lettera inedita,8.0,Bibliographic References:,"Bibliographic References: 1) Vian, Paolo, 1957- Per la storia del Virgilio Romano. Una lettera inedita di Angelo Battaglini a Marino Marini (gennaio 1816), In Miscellanea Bibliothecae Apostolicae Vaticanae XX, 2014.",https://digi.vatlib.it/mss/detail/Vat.gr.1,https://digi.vatlib.it/view/MSS_Vat.gr.1,4.4
Vat.gr.305,lettera inedita,8.0,Bibliographic References:,"Low Quality Bibliographic References: 1) Ferreri, Luigi, 1972- Il codice vaticano utilizzato da Villoison nell’edizione dell’Iliade Veneta. Con una sua lettera inedita all’ambasciatore di Venezia Girolamo Zulian, In Miscellanea Bibliothecae Apostolicae Vaticanae IX, 2002",https://digi.vatlib.it/mss/detail/Vat.gr.305,https://digi.vatlib.it/view/MSS_Vat.gr.305,4.4
Vat.gr.1019,lettera inedita,8.0,Bibliographic References:,"Bibliographic References: 1) Moscheo, Rosario Matematica, filologia e codici in una lettera inedita della fine del XVI secolo, In Helikon 1993",https://digi.vatlib.it/mss/detail/Vat.gr.1019,https://digi.vatlib.it/view/MSS_Vat.gr.1019,5.9
Vat.gr.1038,lettera inedita,8.0,Bibliographic References:,"Bibliographic References: 1) Vian, Paolo, 1957- Per la storia del Virgilio Romano. Una lettera inedita di Angelo Battaglini a Marino Marini (gennaio 1816), In Miscellanea Bibliothecae Apostolicae Vaticanae XX, 2014.",https://digi.vatlib.it/mss/detail/Vat.gr.1038,https://digi.vatlib.it/view/MSS_Vat.gr.1038,4.4
Vat.gr.1209,lettera inedita,8.0,Bibliographic References:,"Bibliographic References: 1) Vian, Paolo, 1957- Per la storia del Virgilio Romano. Una lettera inedita di Angelo Battaglini a Marino Marini (gennaio 1816), In Miscellanea Bibliothecae Apostolicae Vaticanae XX, 2014.",https://digi.vatlib.it/mss/detail/Vat.gr.1209,https://digi.vatlib.it/view/MSS_Vat.gr.1209,4.4
Vat.gr.1288,lettera inedita,8.0,Bibliographic References:,"Bibliographic References: 1) Vian, Paolo, 1957- Per la storia del Virgilio Romano. Una lettera inedita di Angelo Battaglini a Marino Marini (gennaio 1816), In Miscellanea Bibliothecae Apostolicae Vaticanae XX, 2014.",https://digi.vatlib.it/mss/detail/Vat.gr.1288,https://digi.vatlib.it/view/MSS_Vat.gr.1288,4.4
Vat.gr.1295,lettera inedita,8.0,Bibliographic References:,"Low Quality Bibliographic References: 1) Moscheo, Rosario Matematica, filologia e codici in una lettera inedita della fine del XVI secolo, In Helikon 1993",https://digi.vatlib.it/mss/detail/Vat.gr.1295,https://digi.vatlib.it/view/MSS_Vat.gr.1295,5.9
Vat.gr.1321,lettera inedita,8.0,Bibliographic References:,"Low Quality Bibliographic References: 1) Ferreri, Luigi, 1972- Il codice vaticano utilizzato da Villoison nell’edizione dell’Iliade Veneta. Con una sua lettera inedita all’ambasciatore di Venezia Girolamo Zulian, In Miscellanea Bibliothecae Apostolicae Vaticanae IX, 2002",https://digi.vatlib.it/mss/detail/Vat.gr.1321,https://digi.vatlib.it/view/MSS_Vat.gr.1321,4.4
Vat.gr.1406,lettera inedita,8.0,Bibliographic References:,"Bibliographic References: 1) Livrea, Enrico Verso una nuova edizione di Trifiodoro. -I. Una lettera inedita di J.-F. Boissonade ed il «Parisinus Gr.» 2600, In Studi classici e orientali 1978",https://digi.vatlib.it/mss/detail/Vat.gr.1406,https://digi.vatlib.it/view/MSS_Vat.gr.1406,4.4
Vat.gr.2193,lettera inedita,8.0,Bibliographic References:,"Low Quality Bibliographic References: 1) Ferreri, Luigi, 1972- Il codice vaticano utilizzato da Villoison nell’edizione dell’Iliade Veneta. Con una sua lettera inedita all’ambasciatore di Venezia Girolamo Zulian, In Miscellanea Bibliothecae Apostolicae Vaticanae IX, 2002",https://digi.vatlib.it/mss/detail/Vat.gr.2193,https://digi.vatlib.it/view/MSS_Vat.gr.2193,4.4
Vat.lat.829,lettera inedita,8.0,Bibliographic References:,"Low Quality Bibliographic References: 1) Käppeli, Thomas, O.P., 1900-1984 Lettera inedita di Venturino da Bergamo a un canonico di s. Frideswide, Oxford (1332-4) In Archivum Fratrum Praedicatorum",https://digi.vatlib.it/mss/detail/Vat.lat.829,https://digi.vatlib.it/view/MSS_Vat.lat.829,4.4
Vat.lat.1629,lettera inedita,8.0,Bibliographic References:,"Bibliographic References: 1) Michelini Tocci, Luigi, 1910-2000 Poggio Fiorentino e Federico di Montefeltro (con una lettera inedita di Iacopo di Poggio), In Miscellanea Augusto Campana II, 1981",https://digi.vatlib.it/mss/detail/Vat.lat.1629,https://digi.vatlib.it/view/MSS_Vat.lat.1629,4.4
Vat.lat.1811,lettera inedita,8.0,Bibliographic References:,"Bibliographic References: 1) Michelini Tocci, Luigi, 1910-2000 Poggio Fiorentino e Federico di Montefeltro (con una lettera inedita di Iacopo di Poggio), In Miscellanea Augusto Campana II, 1981",https://digi.vatlib.it/mss/detail/Vat.lat.1811,https://digi.vatlib.it/view/MSS_Vat.lat.1811,4.4
Vat.lat.1877,lettera inedita,8.0,Bibliographic References:,"Low Quality Bibliographic References: 1) Campana, Augusto, 1906-1995 Una lettera inedita di Guarino Veronese e il Plutarco della bottega di Vespasiano, In Scritti, a cura di Rino Avesani, Michele Feo, Enzo Pruccoli, 2008 2) Campana, Augusto, 1906-1995 Una lettera inedita di Guarino Veronese e il Plutarco mediceo della bottega di Vespasiano, In Italia medioevale e umanistica",https://digi.vatlib.it/mss/detail/Vat.lat.1877,https://digi.vatlib.it/view/MSS_Vat.lat.1877,4.4
Vat.lat.2226,lettera inedita,8.0,Bibliographic References:,"Bibliographic References: 1) Zaccaria, Vittorio Niccolò Leonardi, i suoi corrispondenti e una lettera inedita di Pier Paolo Vergerio, In Accademia Patavina di Scienze, lettere ed arti. Atti e memorie 1983",https://digi.vatlib.it/mss/detail/Vat.lat.2226,https://digi.vatlib.it/view/MSS_Vat.lat.2226,4.4
Vat.lat.2548,lettera inedita,8.0,Bibliographic References:,"Bibliographic References: 1) Carloni, Rossella Le tombe degli Annibaldi in una lettera inedita del Seicento, In Arte medievale 1983",https://digi.vatlib.it/mss/detail/Vat.lat.2548,https://digi.vatlib.it/view/MSS_Vat.lat.2548,5.9
Vat.lat.2840,lettera inedita,8.0,Bibliographic References:,"Bibliographic References: 1) Monti Sabia, Liliana Una lettera inedita di Giovanni Pontano, In Italia medioevale e umanistica 1986",https://digi.vatlib.it/mss/detail/Vat.lat.2840,https://digi.vatlib.it/view/MSS_Vat.lat.2840,5.9
Vat.lat.2842,lettera inedita,8.0,Bibliographic References:,"Bibliographic References: 1) Monti Sabia, Liliana Una lettera inedita di Giovanni Pontano, In Italia medioevale e umanistica 1986",https://digi.vatlib.it/mss/detail/Vat.lat.2842,https://digi.vatlib.it/view/MSS_Vat.lat.2842,5.9
Vat.lat.3134,lettera inedita,8.0,Bibliographic References:,"Bibliographic References: 1) Campana, Augusto, 1906-1995 Lettera inedita di Giovanni Boccaccio a Donato Albanzani (1365), In Scritti, a cura di Rino Avesani, Michele Feo, Enzo Pruccoli, 2008.",https://digi.vatlib.it/mss/detail/Vat.lat.3134,https://digi.vatlib.it/view/MSS_Vat.lat.3134,4.4
Vat.lat.3144,lettera inedita,8.0,Bibliographic References:,"Bibliographic References: 1) Campana, Augusto, 1906-1995 Una lettera inedita di Guarino Veronese e il Plutarco mediceo della bottega di Vespasiano, In Italia medioevale e umanistica",https://digi.vatlib.it/mss/detail/Vat.lat.3144,https://digi.vatlib.it/view/MSS_Vat.lat.3144,4.4
Vat.lat.3225,lettera inedita,8.0,Bibliographic References:,"Bibliographic References: 1) Vian, Paolo, 1957- Per la storia del Virgilio Romano. Una lettera inedita di Angelo Battaglini a Marino Marini (gennaio 1816), In Miscellanea Bibliothecae Apostolicae Vaticanae XX, 2014.",https://digi.vatlib.it/mss/detail/Vat.lat.3225,https://digi.vatlib.it/view/MSS_Vat.lat.3225,4.4
Vat.lat.3245,lettera inedita,8.0,Bibliographic References:,"Bibliographic References: 1) Michelini Tocci, Luigi, 1910-2000 Poggio Fiorentino e Federico di Montefeltro (con una lettera inedita di Iacopo di Poggio), In Miscellanea Augusto Campana II, 1981",https://digi.vatlib.it/mss/detail/Vat.lat.3245,https://digi.vatlib.it/view/MSS_Vat.lat.3245,4.4
Vat.lat.3435,lettera inedita,8.0,Bibliographic References:,"Bibliographic References: 1) Righi, Roberto Una lettera inedita attribuibile al Bembo e un indizio per il suo epistolario, In Studi e problemi di critica testuale 2001",https://digi.vatlib.it/mss/detail/Vat.lat.3435,https://digi.vatlib.it/view/MSS_Vat.lat.3435,5.9
Vat.lat.3867,lettera inedita,8.0,Bibliographic References:,"Bibliographic References: 1) Vian, Paolo, 1957- Per la storia del Virgilio Romano. Una lettera inedita di Angelo Battaglini a Marino Marini (gennaio 1816), In Miscellanea Bibliothecae Apostolicae Vaticanae XX, 2014.",https://digi.vatlib.it/mss/detail/Vat.lat.3867,https://digi.vatlib.it/view/MSS_Vat.lat.3867,4.4
Vat.lat.3868,lettera inedita,8.0,Bibliographic References:,"Bibliographic References: 1) Vian, Paolo, 1957- Per la storia del Virgilio Romano. Una lettera inedita di Angelo Battaglini a Marino Marini (gennaio 1816), In Miscellanea Bibliothecae Apostolicae Vaticanae XX, 2014.",https://digi.vatlib.it/mss/detail/Vat.lat.3868,https://digi.vatlib.it/view/MSS_Vat.lat.3868,4.4
Vat.lat.4037.pt.1,lettera inedita,8.0,Bibliographic References:,"Bibliographic References: 1) Lauletta, Mario Una lettera inedita di Niccolò Perotti a Paolo II, In Studi umanistici piceni 1995",https://digi.vatlib.it/mss/detail/Vat.lat.4037.pt.1,https://digi.vatlib.it/view/MSS_Vat.lat.4037.pt.1,5.9
Vat.lat.4037.pt.2,lettera inedita,8.0,Bibliographic References:,"Bibliographic References: 1) Lauletta, Mario Una lettera inedita di Niccolò Perotti a Paolo II, In Studi umanistici piceni 1995",https://digi.vatlib.it/mss/detail/Vat.lat.4037.pt.2,https://digi.vatlib.it/view/MSS_Vat.lat.4037.pt.2,5.9
Vat.lat.5967,lettera inedita,8.0,Bibliographic References:,"Low Quality Bibliographic References: 1) Righi, Roberto Una lettera inedita attribuibile al Bembo e un indizio per il suo epistolario, In Studi e problemi di critica testuale 2001",https://digi.vatlib.it/mss/detail/Vat.lat.5967,https://digi.vatlib.it/view/MSS_Vat.lat.5967,5.9
Vat.lat.6737,lettera inedita,8.0,Bibliographic References:,"Bibliographic References: 1) Lauletta, Mario Una lettera inedita di Niccolò Perotti a Paolo II, In Studi umanistici piceni 1995",https://digi.vatlib.it/mss/detail/Vat.lat.6737,https://digi.vatlib.it/view/MSS_Vat.lat.6737,5.9
Vat.lat.6899,lettera inedita,8.0,Bibliographic References:,"Bibliographic References: 1) Baldini, Ugo, 1943- Una lettera inedita del Torricelli ed altre dei Gesuiti R. Prodanelli, J.C. Della Faille, A. Tacquet, P. Bourdin e F.M. Grimaldi, In Annali dell’Istituto e Museo di storia della scienza",https://digi.vatlib.it/mss/detail/Vat.lat.6899,https://digi.vatlib.it/view/MSS_Vat.lat.6899,4.4
Vat.lat.6901,lettera inedita,8.0,Bibliographic References:,"Bibliographic References: 1) Baldini, Ugo, 1943- Una lettera inedita del Torricelli ed altre dei Gesuiti R. Prodanelli, J.C. Della Faille, A. Tacquet, P. Bourdin e F.M. Grimaldi, In Annali dell’Istituto e Museo di storia della scienza 1980",https://digi.vatlib.it/mss/detail/Vat.lat.6901,https://digi.vatlib.it/view/MSS_Vat.lat.6901,4.4
Vat.lat.6902,lettera inedita,8.0,Bibliographic References:,"Bibliographic References: 1) Baldini, Ugo, 1943- Una lettera inedita del Torricelli ed altre dei Gesuiti R. Prodanelli, J.C. Della Faille, A. Tacquet, P. Bourdin e F.M. Grimaldi, In Annali dell’Istituto e Museo di storia della scienza",https://digi.vatlib.it/mss/detail/Vat.lat.6902,https://digi.vatlib.it/view/MSS_Vat.lat.6902,4.4
Vat.lat.6903,lettera inedita,8.0,Bibliographic References:,"Bibliographic References: 1) Baldini, Ugo, 1943- Una lettera inedita del Torricelli ed altre dei Gesuiti R. Prodanelli, J.C. Della Faille, A. Tacquet, P. Bourdin e F.M. Grimaldi, In Annali dell’Istituto e Museo di storia della scienza",https://digi.vatlib.it/mss/detail/Vat.lat.6903,https://digi.vatlib.it/view/MSS_Vat.lat.6903,4.4
Vat.lat.6904,lettera inedita,8.0,Bibliographic References:,"Bibliographic References: 1) Baldini, Ugo, 1943- Una lettera inedita del Torricelli ed altre dei Gesuiti R. Prodanelli, J.C. Della Faille, A. Tacquet, P. Bourdin e F.M. Grimaldi, In Annali dell’Istituto e Museo di storia della scienza",https://digi.vatlib.it/mss/detail/Vat.lat.6904,https://digi.vatlib.it/view/MSS_Vat.lat.6904,4.4
Vat.lat.6905,lettera inedita,8.0,Bibliographic References:,"Bibliographic References: 1) Baldini, Ugo, 1943- Una lettera inedita del Torricelli ed altre dei Gesuiti R. Prodanelli, J.C. Della Faille, A. Tacquet, P. Bourdin e F.M. Grimaldi, In Annali dell’Istituto e Museo di storia della scienza",https://digi.vatlib.it/mss/detail/Vat.lat.6905,https://digi.vatlib.it/view/MSS_Vat.lat.6905,4.4
Vat.lat.6907,lettera inedita,8.0,Bibliographic References:,"Bibliographic References: 1) Baldini, Ugo, 1943- Una lettera inedita del Torricelli ed altre dei Gesuiti R. Prodanelli, J.C. Della Faille, A. Tacquet, P. Bourdin e F.M. Grimaldi, In Annali dell’Istituto e Museo di storia della scienza",https://digi.vatlib.it/mss/detail/Vat.lat.6907,https://digi.vatlib.it/view/MSS_Vat.lat.6907,4.4
Vat.lat.6908,lettera inedita,8.0,Bibliographic References:,"Bibliographic References: 1) Baldini, Ugo, 1943- Una lettera inedita del Torricelli ed altre dei Gesuiti R. Prodanelli, J.C. Della Faille, A. Tacquet, P. Bourdin e F.M. Grimaldi, In Annali dell’Istituto e Museo di storia della scienza",https://digi.vatlib.it/mss/detail/Vat.lat.6908,https://digi.vatlib.it/view/MSS_Vat.lat.6908,4.4
Vat.lat.6909,lettera inedita,8.0,Bibliographic References:,"Bibliographic References: 1) Baldini, Ugo, 1943- Una lettera inedita del Torricelli ed altre dei Gesuiti R. Prodanelli, J.C. Della Faille, A. Tacquet, P. Bourdin e F.M. Grimaldi, In Annali dell’Istituto e Museo di storia della scienza",https://digi.vatlib.it/mss/detail/Vat.lat.6909,https://digi.vatlib.it/view/MSS_Vat.lat.6909,4.4
Vat.lat.6910,lettera inedita,8.0,Bibliographic References:,"Low Quality Bibliographic References: 1) Baldini, Ugo, 1943- Una lettera inedita del Torricelli ed altre dei Gesuiti R. Prodanelli, J.C. Della Faille, A. Tacquet, P. Bourdin e F.M. Grimaldi, In Annali dell’Istituto e Museo di storia della scienza",https://digi.vatlib.it/mss/detail/Vat.lat.6910,https://digi.vatlib.it/view/MSS_Vat.lat.6910,4.4
Vat.lat.6911,lettera inedita,8.0,Bibliographic References:,"Bibliographic References: 1) Baldini, Ugo, 1943- Una lettera inedita del Torricelli ed altre dei Gesuiti R. Prodanelli, J.C. Della Faille, A. Tacquet, P. Bourdin e F.M. Grimaldi, In Annali dell’Istituto e Museo di storia della scienza",https://digi.vatlib.it/mss/detail/Vat.lat.6911,https://digi.vatlib.it/view/MSS_Vat.lat.6911,4.4
Vat.lat.6912,lettera inedita,8.0,Bibliographic References:,"Bibliographic References: 1) Baldini, Ugo, 1943- Una lettera inedita del Torricelli ed altre dei Gesuiti R. Prodanelli, J.C. Della Faille, A. Tacquet, P. Bourdin e F.M. Grimaldi, In Annali dell’Istituto e Museo di storia della scienza",https://digi.vatlib.it/mss/detail/Vat.lat.6912,https://digi.vatlib.it/view/MSS_Vat.lat.6912,4.4
Vat.lat.6913,lettera inedita,8.0,Bibliographic References:,"Bibliographic References: 1) Baldini, Ugo, 1943- Una lettera inedita del Torricelli ed altre dei Gesuiti R. Prodanelli, J.C. Della Faille, A. Tacquet, P. Bourdin e F.M. Grimaldi, In Annali dell’Istituto e Museo di storia della scienza",https://digi.vatlib.it/mss/detail/Vat.lat.6913,https://digi.vatlib.it/view/MSS_Vat.lat.6913,4.4
Vat.lat.6914,lettera inedita,8.0,Bibliographic References:,"Bibliographic References: 1) Baldini, Ugo, 1943- Una lettera inedita del Torricelli ed altre dei Gesuiti R. Prodanelli, J.C. Della Faille, A. Tacquet, P. Bourdin e F.M. Grimaldi, In Annali dell’Istituto e Museo di storia della scienza",https://digi.vatlib.it/mss/detail/Vat.lat.6914,https://digi.vatlib.it/view/MSS_Vat.lat.6914,4.4
Vat.lat.6918,lettera inedita,8.0,Bibliographic References:,"Bibliographic References: 1) Baldini, Ugo, 1943- Una lettera inedita del Torricelli ed altre dei Gesuiti R. Prodanelli, J.C. Della Faille, A. Tacquet, P. Bourdin e F.M. Grimaldi, In Annali dell’Istituto e Museo di storia della scienza",https://digi.vatlib.it/mss/detail/Vat.lat.6918,https://digi.vatlib.it/view/MSS_Vat.lat.6918,4.4
Vat.lat.6919,lettera inedita,8.0,Bibliographic References:,"Bibliographic References: 1) Baldini, Ugo, 1943- Una lettera inedita del Torricelli ed altre dei Gesuiti R. Prodanelli, J.C. Della Faille, A. Tacquet, P. Bourdin e F.M. Grimaldi, In Annali dell’Istituto e Museo di storia della scienza",https://digi.vatlib.it/mss/detail/Vat.lat.6919,https://digi.vatlib.it/view/MSS_Vat.lat.6919,4.4
Vat.lat.6920,lettera inedita,8.0,Bibliographic References:,"Bibliographic References: 1) Baldini, Ugo, 1943- Una lettera inedita del Torricelli ed altre dei Gesuiti R. Prodanelli, J.C. Della Faille, A. Tacquet, P. Bourdin e F.M. Grimaldi, In Annali dell’Istituto e Museo di storia della scienza",https://digi.vatlib.it/mss/detail/Vat.lat.6920,https://digi.vatlib.it/view/MSS_Vat.lat.6920,4.4
Vat.lat.6921,lettera inedita,8.0,Bibliographic References:,"Bibliographic References: 1) Baldini, Ugo, 1943- Una lettera inedita del Torricelli ed altre dei Gesuiti R. Prodanelli, J.C. Della Faille, A. Tacquet, P. Bourdin e F.M. Grimaldi, In Annali dell’Istituto e Museo di storia della scienza",https://digi.vatlib.it/mss/detail/Vat.lat.6921,https://digi.vatlib.it/view/MSS_Vat.lat.6921,4.4
Vat.lat.6926,lettera inedita,8.0,Bibliographic References:,"Bibliographic References: 1) Baldini, Ugo, 1943- Una lettera inedita del Torricelli ed altre dei Gesuiti R. Prodanelli, J.C. Della Faille, A. Tacquet, P. Bourdin e F.M. Grimaldi, In Annali dell’Istituto e Museo di storia della scienza",https://digi.vatlib.it/mss/detail/Vat.lat.6926,https://digi.vatlib.it/view/MSS_Vat.lat.6926,4.4
Vat.lat.6931,lettera inedita,8.0,Bibliographic References:,"Bibliographic References: 1) Baldini, Ugo, 1943- Una lettera inedita del Torricelli ed altre dei Gesuiti R. Prodanelli, J.C. Della Faille, A. Tacquet, P. Bourdin e F.M. Grimaldi, In Annali dell’Istituto e Museo di storia della scienza",https://digi.vatlib.it/mss/detail/Vat.lat.6931,https://digi.vatlib.it/view/MSS_Vat.lat.6931,4.4
Vat.lat.6932,lettera inedita,8.0,Bibliographic References:,"Bibliographic References: 1) Baldini, Ugo, 1943- Una lettera inedita del Torricelli ed altre dei Gesuiti R. Prodanelli, J.C. Della Faille, A. Tacquet, P. Bourdin e F.M. Grimaldi, In Annali dell’Istituto e Museo di storia della scienza 1980",https://digi.vatlib.it/mss/detail/Vat.lat.6932,https://digi.vatlib.it/view/MSS_Vat.lat.6932,4.4
Vat.lat.8090,lettera inedita,8.0,Bibliographic References:,"Bibliographic References: 1) Lauletta, Mario Una lettera inedita di Niccolò Perotti a Paolo II, In Studi umanistici piceni 1995",https://digi.vatlib.it/mss/detail/Vat.lat.8090,https://digi.vatlib.it/view/MSS_Vat.lat.8090,5.9
Vat.lat.8940,lettera inedita,8.0,Bibliographic References:,"Bibliographic References: 1) Vian, Paolo, 1957- Per la storia del Virgilio Romano. Una lettera inedita di Angelo Battaglini a Marino Marini (gennaio 1816), In Miscellanea Bibliothecae Apostolicae Vaticanae XX, 2014.",https://digi.vatlib.it/mss/detail/Vat.lat.8940,https://digi.vatlib.it/view/MSS_Vat.lat.8940,4.4
Vat.lat.9776,lettera inedita,8.0,Bibliographic References:,"Bibliographic References: 1) Di Stefano Manzella, Ivan Francesco Morelli e le iscrizioni di Falerii Novi a proposito di una lettera inedita a Girolamo Amati, In Rendiconti della Accademia Nazionale dei Lincei. Classe di Scienze morali, storiche e filologiche 1978",https://digi.vatlib.it/mss/detail/Vat.lat.9776,https://digi.vatlib.it/view/MSS_Vat.lat.9776,4.4
Vat.lat.9841,lettera inedita,8.0,Bibliographic References:,"Bibliographic References: 1) Vian, Paolo, 1957- Per la storia del Virgilio Romano. Una lettera inedita di Angelo Battaglini a Marino Marini (gennaio 1816), In Miscellanea Bibliothecae Apostolicae Vaticanae XX, 2014.",https://digi.vatlib.it/mss/detail/Vat.lat.9841,https://digi.vatlib.it/view/MSS_Vat.lat.9841,4.4
Vat.lat.9842,lettera inedita,8.0,Bibliographic References:,"Bibliographic References: 1) Vian, Paolo, 1957- Per la storia del Virgilio Romano. Una lettera inedita di Angelo Battaglini a Marino Marini (gennaio 1816), In Miscellanea Bibliothecae Apostolicae Vaticanae XX, 2014.",https://digi.vatlib.it/mss/detail/Vat.lat.9842,https://digi.vatlib.it/view/MSS_Vat.lat.9842,4.4
Vat.lat.12895,lettera inedita,8.0,Bibliographic References:,"1) 74r-74bv: Pellico, Silvio, 1789-1854 Lettera a Carlo Voigt. Bibliographic References: 2) Morghen, Raffaello, 1896-1983 Perchè Giacomo Leopardi non fu scrittore della Biblioteca Vaticana (Una lettera inedita di G. Leopardi a Mons. A. Mai), In Archivio della Società romana di storia patria",https://digi.vatlib.it/mss/detail/Vat.lat.12895,https://digi.vatlib.it/view/MSS_Vat.lat.12895,4.4
Vat.lat.14687,lettera inedita,8.0,Bibliographic References:,"Bibliographic References: 1) Vian, Paolo, 1957- Una lettera inedita di sant'Antonino di Firenze a Lorenzo da Ripafratta (10 novembre 1450) (Vat. lat. 14687), In Miscellanea Bibliothecae Apostolicae Vaticanae IV, 1990",https://digi.vatlib.it/mss/detail/Vat.lat.14687,https://digi.vatlib.it/view/MSS_Vat.lat.14687,4.4
Vat.pers.61,lettera inedita,8.0,Bibliographic References:,"Bibliographic References: 1) Vian, Paolo, 1957- Per la storia del Virgilio Romano. Una lettera inedita di Angelo Battaglini a Marino Marini (gennaio 1816), In Miscellanea Bibliothecae Apostolicae Vaticanae XX, 2014.",https://digi.vatlib.it/mss/detail/Vat.pers.61,https://digi.vatlib.it/view/MSS_Vat.pers.61,4.4
Vat.sam.2,lettera inedita,8.0,Bibliographic References:,"Low Quality Bibliographic References: 1) Vian, Paolo, 1957- Per la storia del Virgilio Romano. Una lettera inedita di Angelo Battaglini a Marino Marini (gennaio 1816), In Miscellanea Bibliothecae Apostolicae Vaticanae XX, 2014.",https://digi.vatlib.it/mss/detail/Vat.sam.2,https://digi.vatlib.it/view/MSS_Vat.sam.2,4.4
